timestamp,open,high,low,close,volume,close_time,quote_asset_volume,trades,taker_buy_base,taker_buy_quote,ignore,return,MA5,MA10,MA20,volatility,target,pred_signal
2025-08-06 16:00:00,115439.79,115477.06,114944.08,115132.5,29.79923,1754499599999,3432652.66979070,1494,15.43118000,1777869.54842720,0,-0.002661993523897288,114787.01199999999,114449.824,114135.07999999999,572.0136528512409,1,0
2025-08-06 17:00:00,115132.5,115500.02,115024.0,115499.99,16.75973,1754503199999,1930850.00904820,1016,7.41948000,854930.02702950,0,0.0031918876077563496,115106.09,114577.03300000001,114229.753,652.9057819049651,0,0
2025-08-06 18:00:00,115500.0,115891.28,115313.68,115423.22,30.85674,1754506799999,3564068.28370800,1207,10.59083000,1223407.92205430,0,-0.0006646753822230345,115336.702,114724.532,114303.2845,661.6186646361991,0,0
2025-08-06 19:00:00,115423.23,115525.48,115128.17,115250.88,44.63314,1754510399999,5146485.10576140,1127,21.22529000,2447228.53442030,0,-0.0014931137772797864,115349.278,114840.30500000001,114359.3405,639.7932329576205,0,0
2025-08-06 20:00:00,115253.19,115260.0,114997.99,115073.11,30.3982,1754513999999,3499439.54364460,1159,14.74590000,1697724.28015720,0,-0.001542461107455373,115275.93999999999,114940.89499999999,114419.0115,581.1250808604542,0,0
2025-08-06 21:00:00,115073.11,115664.14,114836.36,115048.76,33.63574,1754517599999,3870935.56435000,1076,19.67656000,2264791.86162540,0,-0.00021160460510716295,115259.192,115023.102,114479.76299999999,524.2267749484748,1,0
2025-08-06 22:00:00,115048.76,115210.95,115039.14,115106.66,16.33503,1754521199999,1880622.71596090,734,8.51838000,980717.35090810,0,0.0005032648765619374,115180.526,115143.308,114554.09599999999,347.1733148917522,0,0
2025-08-06 23:00:00,115106.66,115112.16,114969.99,114992.27,20.55117,1754524799999,2363679.45786400,774,9.30931000,1070692.89255260,0,-0.0009937739484404684,115094.33600000001,115215.519,114627.71599999999,180.4453002641028,0,1
2025-08-07 00:00:00,114992.26,115015.81,114856.15,114890.66,24.77019,1754528399999,2846971.50362550,714,10.11984000,1163053.58384640,0,-0.0008836246123326008,115022.29200000002,115185.785,114700.40400000001,207.8940767812372,0,1
2025-08-07 01:00:00,114890.65,115185.58,23095.89,114763.46,38.78164,1754531999999,4451807.49922450,1422,23.10515000,2655011.50565110,0,-0.0011071396056041571,114960.36200000001,115118.151,114731.6085,225.35668771632172,0,1
2025-08-07 02:00:00,114763.46,114857.33,114456.0,114574.44,21.19915,1754535599999,2432017.19693760,1124,9.54757000,1095263.94474490,0,-0.001647039920197657,114865.49799999999,115062.34500000002,114756.0845,283.10645654673414,0,1
2025-08-07 03:00:00,114574.44,114623.86,114404.71,114546.03,16.07138,1754539199999,1840468.74790400,924,9.09489000,1041578.72631730,0,-0.00024796106356705927,114753.372,114966.949,114771.991,279.9578255312478,0,1
2025-08-07 04:00:00,114546.04,114648.0,113060.81,114349.58,21.438,1754542799999,2453455.78468060,998,10.72804000,1227628.76502810,0,-0.0017150310665502433,114624.834,114859.585,114792.0585,291.1812014012413,1,1
2025-08-07 05:00:00,114349.58,114568.74,89765.0,114568.74,24.50748,1754546399999,2804678.90989000,870,11.16557000,1277842.10286230,0,0.001916578967758431,114560.45,114791.371,114815.83800000002,268.33353364070416,1,1
2025-08-07 06:00:00,114568.74,184767.14,114511.97,114650.0,22.70456,1754549999999,2631465.89840920,1478,13.83780000,1608803.19411060,0,0.0007092685142560118,114537.758,114749.06000000001,114844.97750000001,251.8228336206947,1,1
2025-08-07 07:00:00,114650.0,114876.79,75588.92,114782.65,19.81286,1754553599999,2271259.96844140,1457,9.62133000,1102394.53636190,0,0.0011569995638900377,114579.4,114722.449,114872.77550000002,229.724327712034,1,1
2025-08-07 08:00:00,114787.99,175854.42,114787.99,114948.74,22.87621,1754557199999,2632785.81425950,1513,11.82808000,1361836.74957390,0,0.0014469956914220372,114659.942,114706.657,114924.98250000001,204.41109238347667,1,1
2025-08-07 09:00:00,114948.73,115074.14,114854.92,115062.19,21.60739,1754560799999,2484170.24493160,1675,8.72238000,1002838.46025810,0,0.0009869616665654224,114802.464,114713.649,114964.584,216.12627478826715,1,0
2025-08-07 10:00:00,115062.19,207863.03,115038.06,116347.23,78.53352,1754564399999,9123195.00224660,2641,53.71791000,6240559.75370410,0,0.011168221289721725,115158.16200000001,114859.30600000001,115022.54550000001,562.2859565929881,1,0
2025-08-07 11:00:00,116347.23,230958.92,46884.76,116519.53,56.08692,1754567999999,6564327.31249330,1975,36.85050000,4323533.43331300,0,0.0014809119220113853,115532.06800000001,115034.91300000002,115076.532,766.2512325751132,0,0
2025-08-07 12:00:00,116519.54,116869.5,116052.94,116390.01,111.99543,1754571599999,13035880.46298690,1348,72.60955000,8450734.10441890,0,-0.0011115733130746541,115853.54,115216.47,115139.40750000002,854.9783373471873,1,0
2025-08-07 13:00:00,116390.01,230958.92,116200.0,116639.99,64.85477,1754575199999,7561773.54203890,1555,40.16392000,4683721.80857030,0,0.002147778834283187,116191.79,115425.866,115196.4075,926.0036095824466,0,0
2025-08-07 14:00:00,116640.0,121956.8,116213.19,116316.64,66.2169,1754578799999,7708602.82500500,1751,27.54468000,3208106.53504790,0,-0.002772205313117837,116442.68000000001,115622.572,115241.07850000002,879.7410241124779,1,0
2025-08-07 15:00:00,116344.0,116808.07,116251.39,116689.81,86.57036,1754582399999,10091940.10756350,1483,48.76077000,5684362.53960250,0,0.0032082254095373575,116511.196,115834.679,115313.025,852.710690516429,0,0
2025-08-07 16:00:00,116689.81,116748.66,115647.67,116235.65,26.82174,1754585999999,3116682.23908880,1520,9.10161000,1058801.77920650,0,-0.0038920279328589213,116454.42,115993.24399999999,115371.152,749.0679032444723,1,0
2025-08-07 17:00:00,116259.24,116559.99,116153.27,116498.77,9.31017,1754589599999,1083529.88195030,1319,5.35339000,623204.81649150,0,0.0022636772797330895,116476.17199999999,116164.856,115443.65250000001,627.6443111119047,1,0
2025-08-07 18:00:00,116511.54,116719.56,59444.44,116573.36,112.29475,1754593199999,13054489.16090980,2083,80.64824000,9384913.62422120,0,0.0006402642706013761,116462.84599999999,116327.318,115516.9875,467.7885098537606,1,0
2025-08-07 19:00:00,116573.35,230958.92,116376.4,117468.12,123.2867,1754596799999,14385291.65621100,2341,102.56586000,11968138.28349450,0,0.007675510082234771,116693.14199999999,116567.911,115640.78,348.2440459555906,0,0
2025-08-07 20:00:00,117468.12,117496.05,117100.0,117184.16,7.50313,1754600399999,880262.80474500,1350,2.26881000,266168.52227630,0,-0.002417336720805574,116792.01199999999,116651.604,115755.455,387.6543110157668,0,0
2025-08-07 21:00:00,117182.19,117451.0,116935.72,117105.78,31.16924,1754603999999,3652453.36865800,1787,22.11372000,2591141.96645190,0,-0.0006688617301178201,116966.03800000002,116710.229,115872.571,409.1924533479451,1,0
2025-08-07 22:00:00,117105.77,118352.38,116700.91,117554.23,108.49316,1754607599999,12732703.36990820,2326,17.83279000,2092317.60610270,0,0.0038294437729717856,117177.13,116826.651,116021.56049999999,469.1840238462013,0,0
2025-08-07 23:00:00,117554.24,117579.98,117292.88,117472.01,16.45786,1754611199999,1932213.62978910,1647,6.25859000,734788.55103940,0,-0.0006994218753336723,117356.86000000002,116909.853,116167.85950000002,504.8237333755353,0,0
2025-08-08 00:00:00,117472.02,117625.82,116889.99,117288.0,38.16046,1754614799999,4477995.22593140,2196,25.23095000,2961458.28561170,0,-0.001566415693406431,117320.83600000001,117006.98900000002,116314.78050000002,470.2673567348309,0,0
2025-08-08 01:00:00,117288.0,117288.01,116794.42,116888.02,28.4217,1754618399999,3322715.76900180,1801,10.75020000,1257047.18105240,0,-0.003410238046517966,117261.60800000001,117026.81000000001,116430.74449999999,459.4664618159915,0,0
2025-08-08 02:00:00,116888.02,232037.71,116697.31,116701.4,99.41624,1754621999999,11623586.17158900,1655,71.89915000,8408172.55380440,0,-0.0015965708034065829,117180.732,117073.38500000001,116533.31450000001,388.4799554465134,1,0
2025-08-08 03:00:00,116701.4,116977.35,116699.6,116737.35,12.59231,1754625599999,1471259.27375480,1501,4.22674000,493714.43932840,0,0.0003080511459161439,117017.356,117097.24300000002,116631.04950000001,355.16743522732736,1,0
2025-08-08 04:00:00,116737.35,116869.49,116231.29,116750.01,10.2273,1754629199999,1193934.22581080,1538,4.41568000,515657.79971680,0,0.00010844858136649371,116872.956,117114.90799999998,116721.11299999998,329.69548235432995,0,1
2025-08-08 05:00:00,116750.01,116750.01,116519.59,116530.64,10.35125,1754632799999,1207255.77929700,2807,5.95972000,695163.55109490,0,-0.0018789720018010936,116721.48400000001,117021.16,116794.5355,350.71601420892006,1,1
2025-08-08 06:00:00,116530.63,116757.45,116401.0,116740.0,14.30138,1754636399999,1667393.41475660,2855,9.16183000,1068233.65067350,0,0.0017966090291789971,116691.88,116976.74399999999,116814.174,355.8666477212344,1,1
2025-08-08 07:00:00,116740.0,116973.3,58888.89,116817.19,16.36595,1754639999999,1859740.79655940,3917,8.18688000,933844.89966770,0,0.0006612129518588361,116715.03799999999,116947.88499999998,116829.057,355.9413824171096,0,1
2025-08-08 08:00:00,116817.19,116914.6,58333.33,116620.63,11.32262,1754643599999,1314222.94281080,1883,6.16502000,718873.63321090,0,-0.0016826290719713644,116691.69399999999,116854.525,116840.58799999999,296.74700961755804,1,1
2025-08-08 09:00:00,116620.63,116726.88,116481.44,116685.17,11.3752,1754647199999,1326107.37532910,3729,4.50964000,525725.49881700,0,0.0005534183788922231,116678.726,116775.84099999999,116842.847,204.94193261408694,0,1
2025-08-08 10:00:00,116685.17,116714.46,116281.13,116544.4,34.38006,1754650799999,4005467.94127810,1723,25.48603000,2969058.72460400,0,-0.0012064086635860116,116681.478,116701.48099999999,116854.23499999999,112.53382745354432,1,1
2025-08-08 11:00:00,116544.39,116903.37,116544.39,116891.51,89.81829,1754654399999,10490052.90939280,1726,58.41675000,6822369.99161010,0,0.0029783498821049914,116711.77999999998,116701.83,116864.31999999999,113.18017356905561,0,1
2025-08-08 12:00:00,116891.52,116891.52,116492.45,116500.49,23.0521,1754657999999,2688319.66784260,1709,10.19148000,1188593.27398380,0,-0.003345153125321021,116648.44000000002,116681.73899999999,116877.56199999999,129.8669802751246,1,1
2025-08-08 13:00:00,116500.48,116944.25,116499.43,116917.97,31.17663,1754661599999,3639416.30749530,1817,19.95664000,2330096.94141900,0,0.0035835042410550244,116707.90800000001,116699.801,116898.522,149.53224724382005,0,1
2025-08-08 14:00:00,116917.98,117720.26,116408.7,116479.9,29.51876,1754665199999,3444422.59093230,2228,12.70222000,1482404.60268710,0,-0.003746814967793277,116666.854,116672.79000000001,116893.849,163.2239775421035,0,1
2025-08-08 15:00:00,116479.91,116538.94,100000.0,116231.99,34.67071,1754668799999,4017852.47693870,2439,17.83325000,2073178.89143170,0,-0.0021283500415092416,116604.372,116642.925,116832.04250000001,212.12088714061107,0,1
2025-08-08 16:00:00,116232.0,117502.92,116023.17,116182.43,35.2349,1754672399999,4094523.30045780,1513,25.60336000,2975703.95937080,0,-0.00042638863879052025,116462.55600000001,116587.16799999999,116781.95599999998,253.09223083068966,1,1
2025-08-08 17:00:00,116182.44,130806.85,116182.43,116701.39,21.41593,1754675999999,2493694.91072890,1760,8.63492000,1005930.63815600,0,0.004466768340100957,116502.736,116575.58800000002,116761.7365,243.87990591036936,0,1
2025-08-08 18:00:00,116701.39,122724.03,116336.0,116493.13,22.51951,1754679599999,2627493.29854030,1598,12.38400000,1445421.49550030,0,-0.0017845545798553797,116417.768,116562.83799999999,116708.68149999999,244.59526468606373,0,1
2025-08-08 19:00:00,116493.14,116716.26,116338.84,116475.27,23.15421,1754683199999,2697751.52607220,1120,10.37558000,1209022.23611860,0,-0.00015331376193605806,116416.84199999999,116541.848,116658.84449999998,241.9225833382648,1,1
2025-08-08 20:00:00,116475.28,116888.53,116334.05,116888.52,77.27259,1754686799999,9006443.00938350,1551,44.61193000,5199669.50217550,0,0.0035479634432269425,116548.148,116576.26000000001,116638.87049999999,265.6380018834453,1,1
2025-08-08 21:00:00,116888.53,116979.95,116755.53,116931.44,30.83873,1754690399999,3604154.54048400,860,20.05334000,2343935.35639920,0,0.0003671874705917233,116697.95,116580.253,116641.04149999998,271.14628315351234,0,0
2025-08-08 22:00:00,116931.44,116980.0,116762.38,116888.92,22.25033,1754693999999,2601314.78270210,793,12.93248000,1511937.88876750,0,-0.0003636318854878251,116735.456,116619.09599999999,116650.41749999998,285.8725737965981,0,0
2025-08-08 23:00:00,116888.91,116917.74,116632.12,116674.74,19.49803,1754697599999,2276868.37778800,711,6.90474000,806379.00212950,0,-0.0018323379153473152,116771.778,116594.77300000002,116647.28700000001,267.3663029569345,0,0
2025-08-09 00:00:00,116674.74,116750.0,116403.65,116585.99,21.30578,1754701199999,2485928.89557900,859,13.23440000,1544323.79987210,0,-0.0007606616479282069,116793.92199999999,116605.38200000001,116639.08600000001,264.3899657202025,0,0
2025-08-09 01:00:00,116585.99,116797.71,116403.72,116563.25,93.06592,1754704799999,10851878.75555120,610,80.19812000,9351582.56514250,0,-0.000195049164998351,116728.86799999999,116638.508,116640.71650000001,231.06004192318116,0,0
2025-08-09 02:00:00,116563.25,116563.25,116218.36,116404.0,67.42752,1754708399999,7851717.71818050,628,48.54440000,5652835.42900870,0,-0.0013662110485079815,116623.38,116660.66500000001,116623.9165,189.3193129350942,0,1
2025-08-09 03:00:00,116404.01,116482.28,116357.48,116384.0,50.76738,1754711999999,5908551.95277690,490,38.11938000,4436346.62400870,0,-0.00017181540153254904,116522.396,116628.926,116602.25700000001,207.46822397708323,1,1
2025-08-09 04:00:00,116384.01,117792.27,116181.92,116434.76,109.54836,1754715599999,12762273.09305830,856,75.85773000,8838685.37439220,0,0.00043614242507561407,116474.4,116623.089,116592.9635,212.47398583037875,1,1
2025-08-09 05:00:00,116434.76,125577.25,93268.05,116739.22,138.64254,1754719199999,16122885.86653930,1664,100.61638000,11744246.51436160,0,0.0026148548766709023,116505.046,116649.48400000001,116595.66600000001,208.42684409161518,0,1
2025-08-09 06:00:00,116739.22,116753.39,93268.05,116650.74,48.90021,1754722799999,5697932.59963390,869,20.42194000,2381597.30838310,0,-0.0007579286549970199,116522.544,116625.706,116600.98300000001,190.95816279484438,1,1
2025-08-09 07:00:00,116650.74,117099.38,116633.88,116756.0,48.79228,1754726399999,5695335.67072970,612,31.58780000,3687042.74617760,0,0.00090235175533393,116592.94399999999,116608.16200000001,116594.20749999999,166.20285722968046,1,1
2025-08-09 08:00:00,116756.0,117191.13,116756.0,117098.58,11.61623,1754729999999,1357830.34063440,782,4.79456000,560513.91746340,0,0.0029341532769193712,116735.86000000002,116629.128,116624.11200000001,212.36748452776564,1,0
2025-08-09 09:00:00,117100.0,117510.88,117045.54,117510.87,22.76801,1754733599999,2670956.41816190,1167,16.74288000,1964452.12228200,0,0.0035208795870964593,116951.08200000001,116712.741,116653.75700000001,351.40617503777594,0,0
2025-08-09 10:00:00,117510.88,117904.55,117386.01,117424.17,44.91643,1754737199999,5280655.04017230,1530,35.91893000,4222552.88732150,0,-0.0007378040856985679,117088.072,116796.55899999998,116700.97050000001,412.47054217946584,0,0
2025-08-09 11:00:00,117424.17,117471.73,93268.05,117100.47,11.55005,1754740799999,1351177.74304400,1183,6.09263000,714262.85923360,0,-0.002756672667986515,117178.018,116850.28099999999,116744.39449999998,413.6901426447065,1,0
2025-08-09 12:00:00,117109.99,117238.04,117010.0,117116.64,24.2952,1754744399999,2845862.41922350,726,13.12750000,1537825.81613390,0,0.000138086550805383,117250.146,116921.545,116791.10500000001,388.9088176556447,0,0
2025-08-09 13:00:00,117116.64,117154.15,116807.65,116968.32,17.63518,1754747999999,2062903.58413910,928,12.57157000,1470431.90175460,0,-0.0012664297746246556,117224.094,116979.977,116804.45150000001,339.99034355780526,1,0
2025-08-09 14:00:00,116968.31,117149.6,116778.34,116979.05,20.26187,1754751599999,2368482.79116750,763,8.64537000,1010623.33632670,0,9.173424051911461e-05,117117.73000000001,117034.40599999999,116828.74750000001,281.5542231659356,0,0
2025-08-09 15:00:00,116979.05,117132.74,116704.99,116879.16,17.03082,1754755199999,1991230.89721260,1665,8.00125000,935541.85904520,0,-0.0008539135853813384,117008.728,117048.4,116848.94200000001,268.42405315371366,0,1
2025-08-09 16:00:00,116883.87,116947.15,116642.67,116648.5,22.56311,1754758799999,2634297.19882700,718,8.17937000,955061.79101000,0,-0.00197349125370172,116918.334,117048.176,116836.94100000002,268.79345301286475,1,1
2025-08-09 17:00:00,116648.5,116782.46,116622.05,116670.22,21.76016,1754762399999,2539774.26013900,519,15.12910000,1765908.88314770,0,0.00018620042263717274,116829.05,117039.598,116823.88,280.27712190361774,0,1
2025-08-09 18:00:00,116670.22,116720.96,116555.02,116634.91,19.08898,1754765999999,2227154.00039330,795,13.13947000,1533107.26010110,0,-0.0003026479250660685,116762.36800000002,116993.231,116811.1795,306.55648377365696,0,1
2025-08-09 19:00:00,116634.92,116721.74,116524.74,116535.69,14.6406,1754769599999,1706959.95032940,727,5.95528000,694304.73542840,0,-0.0008506887003213448,116673.696,116895.71299999999,116804.227,277.3060741436516,1,1
2025-08-09 20:00:00,116535.68,117500.0,115279.84,116656.23,30.16587,1754773199999,3523841.90170250,1117,11.21280000,1308842.25018010,0,0.0010343612330265817,116629.11000000002,116818.91900000002,116807.73899999999,213.74960711917504,0,1
2025-08-09 21:00:00,116656.23,116794.4,116359.99,116524.1,27.57701,1754776799999,3213596.06283940,719,13.31984000,1552608.34954020,0,-0.001132644180255049,116604.23000000001,116761.282,116805.7815,206.99626683756867,1,1
2025-08-09 22:00:00,116524.1,116733.61,116500.0,116541.63,20.86906,1754780399999,2433092.01855240,671,12.90168000,1504225.38079220,0,0.0001504409817367769,116578.51200000002,116703.781,116812.66299999999,174.65239550223416,0,1
2025-08-09 23:00:00,116541.62,116590.0,116436.15,116462.25,9.63498,1754783999999,1122442.49229860,533,4.65145000,541856.24154920,0,-0.0006811299962082851,116543.98000000001,116653.174,116816.57549999999,162.37021834268484,1,1
2025-08-10 00:00:00,116462.24,116838.96,116461.33,116749.46,17.25134,1754787599999,2012060.56112270,1247,10.07749000,1175660.70644920,0,0.0024661209962886232,116586.73400000001,116630.21500000001,116832.31049999999,122.51143250588339,0,1
2025-08-10 01:00:00,116749.47,116771.97,116539.99,116576.42,15.73491,1754791199999,1834891.58760410,658,9.75761000,1137667.35842630,0,-0.001482148182955223,116570.772,116599.94099999999,116824.17049999998,86.17591703518796,1,1
2025-08-10 02:00:00,116576.42,117318.0,116576.41,117317.99,9.00585,1754794799999,1052718.96388050,689,5.06841000,592409.31506270,0,0.006361234973590868,116729.55,116666.88999999998,116857.53300000001,243.8695694200129,1,1
2025-08-10 03:00:00,117317.99,122360.26,117250.41,118500.0,57.1404,1754798399999,6731827.56046560,1613,30.13365000,3548529.74920320,0,0.010075266376452507,117121.224,116849.86799999999,116944.73300000001,628.9959371324837,0,0
2025-08-10 04:00:00,118500.0,118736.67,118394.81,118485.45,11.19298,1754801999999,1326885.01322900,918,4.27865000,507253.83587460,0,-0.00012278481012661935,117525.86399999999,117034.92199999999,117014.0765,806.0324440784124,0,0
2025-08-10 05:00:00,118485.44,118501.96,117908.84,118045.0,18.15321,1754805599999,2144768.37998480,1346,6.55738000,775008.40697000,0,-0.003717334069288647,117784.972,117185.85299999997,117040.78299999998,842.6425376828734,1,0
2025-08-10 06:00:00,118045.0,118359.18,117743.44,118074.24,20.01759,1754809199999,2362059.94171750,1561,12.95273000,1528671.79489740,0,0.00024770214748626174,118084.536,117327.65400000001,117073.2865,862.6879003340007,0,0
2025-08-10 07:00:00,118074.24,118238.87,117495.24,117781.51,21.12596,1754812799999,2490101.39251550,1692,10.56004000,1244046.05634820,0,-0.0024792029150474404,118177.23999999999,117453.39499999999,117107.3385,823.289605279711,1,0
2025-08-10 08:00:00,117781.52,200000.0,115721.11,118308.85,18.05148,1754816399999,2133101.24136760,1493,12.59459000,1488991.06587980,0,0.004477273215464983,118139.01000000001,117630.117,117166.949,795.0145460874171,0,0
2025-08-10 09:00:00,118308.86,118441.47,118110.64,118293.09,18.33796,1754819999999,2168845.50090370,939,12.03270000,1422935.89422070,0,-0.00013321066006477533,118100.53799999999,117813.201,117233.1875,701.4948732604206,0,0
2025-08-10 10:00:00,118293.08,151091.99,117891.09,118020.0,28.76844,1754823599999,3399224.26654890,995,10.30893000,1217957.88243100,0,-0.002308587931890149,118095.53799999999,117940.255,117285.23500000002,594.2922248875684,1,0
2025-08-10 11:00:00,118020.0,118499.99,117896.19,118330.58,17.79251,1754827199999,2104515.25150340,1004,10.06602000,1191136.74084860,0,0.0026315878664633363,118146.80600000001,118115.671,117357.80599999998,359.51343737782565,1,0
2025-08-10 12:00:00,118330.59,130302.94,111874.26,118523.95,25.82128,1754830799999,3059199.22812800,1295,10.25752000,1215876.49390480,0,0.0016341506988302168,118295.294,118236.26700000002,117451.57849999999,246.80446979956474,0,0
2025-08-10 13:00:00,118523.95,151905.75,118383.99,118460.63,16.94859,1754834399999,2009392.26657860,1114,9.98800000,1184201.03049590,0,-0.0005342380168733563,118325.65,118232.33,117541.099,242.40477571555775,1,0
2025-08-10 14:00:00,118452.0,118810.0,93268.05,118779.0,33.88724,1754837999999,3986578.15314050,1165,25.16149000,2978932.30675660,0,0.002687559571479481,118422.83200000001,118261.68500000001,117648.3035,289.6361456604731,1,0
2025-08-10 15:00:00,118779.0,119110.99,118568.07,118815.18,11.3283,1754841599999,1345395.17671640,1180,4.12800000,490319.89184560,0,0.00030459929785564555,118581.86799999999,118338.70300000001,117762.278,325.7620935621169,0,0
2025-08-10 16:00:00,118815.18,118944.24,118623.14,118675.31,9.44939,1754845199999,1121879.70714040,1131,5.26310000,624786.03046080,0,-0.0011772064815286365,118650.81400000001,118398.81000000001,117863.232,326.9936380638313,0,0
2025-08-10 17:00:00,118675.3,118693.02,93268.05,118520.33,24.61839,1754848799999,2915069.96642000,1168,12.89032000,1528270.48618520,0,-0.0013059161168400557,118650.09,118472.69200000001,117963.0435,245.27668620655774,1,0
2025-08-10 18:00:00,118520.32,118611.91,118433.8,118554.01,9.35706,1754852399999,1108967.27803330,977,4.21419000,499481.73706250,0,0.00028417065662900143,118668.76599999999,118497.20800000001,118063.6625,239.25902949832488,1,0
2025-08-10 19:00:00,118554.01,118714.28,118359.17,118663.08,10.71512,1754855999999,1270649.07590920,1792,3.17224000,376227.92417130,0,0.0009200026215900881,118645.58200000001,118534.20699999998,118173.704,232.70488015186962,0,0
2025-08-10 20:00:00,118663.08,118765.71,118100.0,118351.16,25.64467,1754859599999,3036101.68203990,1336,18.13846000,2146381.98389690,0,-0.0026286187751067835,118552.778,118567.323,118253.78900000002,165.15807983686125,1,0
2025-08-10 21:00:00,118351.16,118689.89,118100.0,118689.88,14.31046,1754863199999,1694123.74297540,905,9.59422000,1135628.60441640,0,0.0028619913822560683,118555.692,118603.253,118359.46200000001,145.8911478613528,1,1
2025-08-10 22:00:00,118689.88,118999.97,118642.98,118996.0,10.11818,1754866799999,1202915.28476550,923,4.58138000,544422.03505060,0,0.002579158391599945,118650.826,118650.45799999998,118443.3625,187.74573916423032,1,0
2025-08-10 23:00:00,118995.99,130286.83,118861.16,119288.83,31.66818,1754870399999,3773690.22845300,1631,18.66874000,2224671.06231750,0,0.0024608390197990992,118797.79,118733.278,118482.804,262.4941861724932,0,0
2025-08-11 00:00:00,119291.74,119505.97,119136.08,119167.2,35.86011,1754873999999,4276907.45316400,953,23.11939000,2757073.24585490,0,-0.0010196260622222786,118898.61400000002,118772.098,118516.8915,296.5086951637493,1,0
2025-08-11 01:00:00,119167.19,122903.0,118932.07,119786.01,100.84251,1754877599999,12057359.41595180,1089,49.99481000,5971527.02628760,0,0.0051927879483615325,119185.584,118869.18100000001,118603.94200000001,437.56485905263133,1,0
2025-08-11 02:00:00,119800.0,121894.64,119478.94,121875.99,88.57733,1754881199999,10714419.07277110,3529,28.10162000,3401463.36137410,0,0.017447613456696764,119822.80600000001,119189.249,118794.02949999999,1038.27026049745,0,0
2025-08-11 03:00:00,121875.99,122155.99,121572.29,121742.06,17.07126,1754884799999,2078824.56386460,1662,10.99939000,1339314.02057860,0,-0.0010989038940319995,120372.018,119511.42199999999,118992.057,1279.4739873336941,1,0
2025-08-11 04:00:00,121742.06,122159.0,121623.15,122100.0,27.64292,1754888399999,3367617.79385000,1443,20.96113000,2553868.02172660,0,0.002940150675945441,120934.25200000001,119866.021,119181.6145,1462.880604784942,0,0
2025-08-11 05:00:00,122099.99,122304.02,121830.01,122027.13,33.77922,1754891999999,4121492.15716260,1485,27.78931000,3390639.90641060,0,-0.0005968058968058854,121506.23800000001,120202.426,119368.31649999999,1540.2676100403587,1,0
2025-08-11 06:00:00,122043.0,122324.73,121954.79,122293.2,11.82538,1754895599999,1443663.61399950,1498,8.54735000,1043216.95328360,0,0.0021804167646981565,122007.676,120596.63,119581.97649999999,1518.11289929367,0,0
2025-08-11 07:00:00,122293.2,122344.19,121479.99,121537.14,49.31741,1754899199999,6014158.37642090,1464,13.72518000,1671710.29268980,0,-0.006182355192275613,121939.906,120881.356,119742.30450000001,1381.6325095037078,1,0
2025-08-11 08:00:00,121537.15,121800.01,121217.51,121679.13,20.51696,1754902799999,2495727.93704580,1135,16.59951000,2019732.34330860,0,0.0011682848551479719,121927.31999999999,121149.669,119900.0635,1226.6545728800857,0,0
2025-08-11 09:00:00,121679.13,121703.73,117861.82,121396.23,8.22882,1754906399999,997365.49311050,888,2.45019000,297461.75138910,0,-0.002324967313622417,121786.56599999999,121360.40900000001,120046.8435,1037.9515101770505,0,0
2025-08-11 10:00:00,121396.23,121455.02,121018.37,121196.95,9.27766,1754909999999,1124573.09892990,679,4.09137000,495784.25634190,0,-0.0016415666285517494,121620.52999999998,121563.384,120167.74100000001,707.1582141108545,0,0
2025-08-11 11:00:00,121196.17,121270.01,120303.99,120561.54,22.59719,1754913599999,2728131.05924490,1161,11.36897000,1372111.94768000,0,-0.005242788700540735,121274.198,121640.937,120255.05900000001,503.8896533116001,0,1
2025-08-11 12:00:00,120561.54,120655.55,117388.48,119623.04,48.8653,1754917199999,5862572.21720060,1605,32.14749000,3856728.32103650,0,-0.007784406204499383,120891.378,121415.64199999999,120302.44549999999,802.3730819664818,1,1
2025-08-11 13:00:00,119643.69,200000.0,116915.14,119980.58,102.07827,1754920799999,12214498.23200470,2614,50.27969000,6017805.90598260,0,0.0029888890969500537,120551.66799999999,121239.49399999999,120375.45799999998,909.0163253673246,1,1
2025-08-11 14:00:00,120026.4,120634.65,119825.19,120246.52,31.14388,1754924399999,3742054.85957720,1041,17.23898000,2072926.10604040,0,0.0022165253743564595,120321.726,121054.146,120460.0835,903.0063427646124,1,1
2025-08-11 15:00:00,120243.6,120408.0,119843.19,120321.99,29.23689,1754927999999,3514657.56435400,1902,9.33070000,1121831.06084920,0,0.0006276273109608876,120146.73400000001,120883.63200000001,120543.02900000001,858.7709821326318,0,1
2025-08-11 16:00:00,120321.99,120794.03,119942.75,119959.11,77.53715,1754931599999,9335012.82240550,929,64.35165000,7746467.21812810,0,-0.0030159075660235457,120026.24799999999,120650.223,120623.42649999999,742.4022394921408,0,1
2025-08-11 17:00:00,119959.1,120150.0,119466.74,119500.01,11.6009,1754935199999,1390918.29955720,577,8.81787000,1057865.98629310,0,-0.0038271374304127415,120001.64199999999,120446.51000000001,120663.933,751.4303459710636,1,1
2025-08-11 18:00:00,119500.0,119931.57,119261.57,119773.92,102.43488,1754938799999,12259116.57084040,976,80.77796000,9666741.82126620,0,0.002292133699403065,119960.31000000001,120255.98900000002,120702.829,636.9956229489397,0,1
2025-08-11 19:00:00,119773.93,119773.93,118674.0,119089.3,67.16022,1754942399999,8024374.04479130,1397,51.73776000,6184433.96492750,0,-0.005715935489128188,119728.866,120025.296,120692.8525,594.4831457338054,0,1
2025-08-11 20:00:00,119089.31,119089.31,118586.6,118872.0,16.72388,1754945999999,1987862.23698850,1439,4.66022000,554061.31778290,0,-0.0018246811426383402,119438.86799999999,119792.801,120678.0925,537.2224050824477,0,1
2025-08-11 21:00:00,118828.83,119172.63,118212.5,118712.61,29.85481,1754949599999,3543043.26356800,1370,19.49256000,2312646.72140940,0,-0.001340854027861882,119189.56800000001,119607.90799999998,120624.42249999999,560.8990743611137,1,1
2025-08-11 22:00:00,118712.61,118906.32,118280.71,118886.96,24.76621,1754953199999,2937076.13877970,1005,14.44645000,1712623.05453100,0,0.0014686729573210044,119066.95800000001,119534.3,120474.97099999999,605.2387599775147,0,1
2025-08-11 23:00:00,118886.96,118889.0,118601.56,118686.01,59.69067,1754956799999,7090504.21718930,750,30.37860000,3608415.98921970,0,-0.0016902610681609476,118849.376,119404.843,120322.1685,636.8031744077053,1,1
2025-08-12 00:00:00,118686.0,254615.31,116441.8,118949.3,72.19783,1754960399999,8585890.70196690,1441,56.50438000,6719668.45832110,0,0.0022183743475747697,118821.376,119275.121,120164.6335,575.4694533934937,1,1
2025-08-12 01:00:00,118949.31,218908.25,118778.64,118977.09,35.95113,1754963999999,4276759.40969340,1074,24.29324000,2889966.86540160,0,0.0002336289494766497,118842.394,119140.63100000001,120012.13150000002,446.2806788583647,1,1
2025-08-12 02:00:00,118977.1,119274.58,118834.51,119054.13,11.02398,1754967599999,1312343.59929150,1573,5.67993000,675965.63993380,0,0.000647519619113357,118910.698,119050.13299999999,119850.178,341.2678433951547,0,1
2025-08-12 03:00:00,119054.13,119120.0,118762.3,118863.15,12.22027,1754971199999,1453591.18976970,1750,5.92018000,704171.25475020,0,-0.0016041442661418603,118905.93599999999,118986.447,119716.4785,305.539219090157,1,1
2025-08-12 04:00:00,118857.7,119158.06,118804.75,119070.69,15.53384,1754974799999,1848837.62260630,1362,9.86109000,1173835.21806910,0,0.0017460415612409186,118982.872,118916.124,119586.05649999999,140.52198074392604,0,1
2025-08-12 05:00:00,119070.69,119070.69,118424.86,118819.99,19.79176,1754978399999,2348368.60403490,1307,9.48673000,1125479.45095520,0,-0.0021054719679545197,118957.01000000001,118889.193,119457.2445,128.97754973451254,1,1
2025-08-12 06:00:00,118819.99,119032.0,118604.96,118839.97,17.41733,1754981999999,2070800.54493110,1710,6.76018000,803759.75245010,0,0.0001681535236621734,118929.58600000001,118885.98999999999,119339.39549999998,129.8467418876992,1,1
2025-08-12 07:00:00,118839.96,119150.0,118839.96,118986.73,13.62747,1754985599999,1622604.15825560,1093,6.61929000,788105.65843700,0,0.0012349380431515566,118916.106,118913.402,119260.65499999998,117.52793198486361,0,1
2025-08-12 08:00:00,118986.73,119058.43,115968.46,118814.7,70.89246,1754989199999,8429643.73270040,1487,34.38872000,4089806.45844520,0,-0.0014457914760747093,118906.416,118906.176,119220.23800000001,121.48895141796272,0,1
2025-08-12 09:00:00,118814.7,121347.33,118408.39,118408.39,41.70784,1754992799999,4951555.04047710,1666,18.66548000,2216697.39849500,0,-0.0034196947010765033,118773.956,118878.41400000002,119141.62850000002,189.86739104778377,1,1
2025-08-12 10:00:00,118408.39,118680.81,118207.47,118450.0,19.14995,1754996399999,2267617.07488980,1473,12.96546000,1535338.18265350,0,0.0003514109093114559,118699.95800000001,118828.48400000001,119051.80250000002,230.46578850701798,1,1
2025-08-12 11:00:00,118450.37,118662.9,118235.08,118522.23,14.68066,1754999999999,1739234.62983760,2041,7.89745000,935658.00352610,0,0.0006097931616715346,118636.41,118782.99799999999,118961.81450000001,242.45236058274313,1,1
2025-08-12 12:00:00,118522.22,121942.17,118074.89,119264.66,117.15935,1755003599999,13941423.89764520,1670,84.54605000,10058978.67074030,0,0.006264056962141273,118691.996,118804.051,118927.09199999999,275.499900604816,0,1
2025-08-12 13:00:00,119264.66,203006.98,93268.05,118819.27,94.22067,1755007199999,11211225.51657860,3121,67.33880000,8021938.10091000,0,-0.0037344675279332717,118692.91,118799.66299999999,118893.05499999998,274.80258324423806,1,1
2025-08-12 14:00:00,118819.27,119443.35,118670.53,119437.11,114.78124,1755010799999,13669205.87597150,1306,109.34547000,13021921.08706570,0,0.0051998299602413756,118898.65400000001,118836.30500000001,118876.2145,333.1841031387721,1,0
2025-08-12 15:00:00,119437.11,139860.95,119199.07,119933.97,145.92897,1755014399999,17450061.61686650,2780,80.16252000,9585121.61986890,0,0.00416001358371787,119195.448,118947.70300000001,118918.448,480.69532372039515,0,0
2025-08-12 16:00:00,119933.0,151672.28,119449.35,119655.13,37.19883,1755017999999,4452141.82279790,1676,32.05663000,3836608.76895770,0,-0.0023249459681856655,119422.028,119029.219,118957.60449999999,527.2580990053053,0,0
2025-08-12 17:00:00,119647.69,164697.96,110000.0,119270.0,110.51693,1755021599999,13210097.65210430,2218,91.90208000,10987365.14712830,0,-0.0032186668469625923,119423.09599999999,119057.546,118985.474,532.3069198467176,1,0
2025-08-12 18:00:00,119269.99,395005.46,110000.0,119344.88,1363.65809,1755025199999,163155429.36967380,3268,663.25725000,79361401.68167520,0,0.0006278192336715005,119528.218,119110.56400000001,119008.37000000002,531.8347150144481,1,0
2025-08-12 19:00:00,119344.88,415886.54,119309.08,119665.28,108.34476,1755028799999,12955108.35874930,979,47.54797000,5685983.92109210,0,0.002684656434360555,119573.852,119236.253,119057.3335,494.6736010319142,1,0
2025-08-12 20:00:00,119665.28,120332.85,119485.84,120192.1,56.32034,1755032399999,6746194.34810210,1113,50.68011000,6070495.74790470,0,0.004402446557598028,119625.478,119410.46299999999,119119.47350000001,493.76965057060494,0,0
2025-08-12 21:00:00,120183.95,120192.09,119800.0,119903.36,15.59302,1755035999999,1871106.36238030,1088,6.54047000,784763.79468760,0,-0.0024023209512106236,119675.124,119548.576,119165.78699999998,402.4251197499734,1,0
2025-08-12 22:00:00,119903.37,120100.0,119650.0,120090.14,41.01191,1755039599999,4916349.99412120,1075,35.71737000,4282099.79379500,0,0.0015577545116334246,119839.152,119631.124,119217.5875,421.90774940241755,1,0
2025-08-12 23:00:00,120099.99,439176.19,119925.47,120147.64,390.41128,1755043199999,46901412.67425850,1032,210.37763000,25273046.59590930,0,0.00047880700280633626,119999.704,119763.96100000001,119281.812,338.83468868441895,0,0
2025-08-13 00:00:00,120134.09,120192.1,119682.05,119725.61,18.09378,1755046799999,2171851.05049170,600,15.86817000,1904787.55443080,0,-0.00351259500394685,120011.76999999999,119792.81099999999,119314.558,319.6519833789567,0,0
2025-08-13 01:00:00,119713.19,119713.19,119355.99,119478.46,14.64967,1755050399999,1751205.14951170,637,4.03738000,482532.20834860,0,-0.00206430353539222,119869.04200000002,119747.26000000001,119347.4815,329.60216190848683,1,0
2025-08-13 02:00:00,119476.48,120005.14,119103.46,119549.37,26.35831,1755053999999,3150689.77630720,745,18.14933000,2169705.93430290,0,0.0005934960996316629,119798.24399999999,119736.68400000001,119382.95150000001,334.54650293804866,0,0
2025-08-13 03:00:00,119549.36,119630.57,119306.89,119482.74,36.27911,1755057599999,4335012.94994940,743,33.40284000,3991542.92003930,0,-0.0005573429621585912,119676.764,119757.95800000001,119407.75200000001,307.2205201792304,0,1
2025-08-13 04:00:00,119482.01,120035.99,119328.13,119347.17,93.46702,1755061199999,11175917.36464840,967,76.71263000,9171967.73451210,0,-0.0011346408694679067,119516.67,119758.18699999999,119434.3755,306.87906677509545,0,1
2025-08-13 05:00:00,119335.01,119667.66,118946.2,119070.68,31.43167,1755064799999,3750660.73038500,729,14.62689000,1745735.75746900,0,-0.0023166866880882653,119385.68400000001,119698.727,119467.48999999999,376.5710945156697,1,1
2025-08-13 06:00:00,119070.68,119416.21,118955.99,119411.8,14.25746,1755068399999,1699674.62581920,696,6.98411000,832713.57012190,0,0.002864853043587301,119372.352,119620.69700000001,119515.57999999999,342.2597259753121,1,1
2025-08-13 07:00:00,119410.0,119634.99,119290.02,119594.27,4.03188,1755071999999,481344.91960630,642,2.86177000,341613.78976130,0,0.0015280734399782947,119381.33200000001,119589.78799999999,119569.18199999999,327.5365683014382,1,1
2025-08-13 08:00:00,119592.39,120044.49,119446.22,120044.48,16.15315,1755075599999,1936176.14396540,1766,12.02441000,1441402.96237420,0,0.003764478013871253,119493.68000000001,119585.22200000002,119608.173,320.0184091184143,1,1
2025-08-13 09:00:00,120044.49,120172.11,119788.03,120116.01,9.77761,1755079199999,1173067.57881400,1407,5.30520000,636424.46881290,0,0.000595862466978847,119647.448,119582.05899999998,119673.01000000001,313.940526586753,1,0
2025-08-13 10:00:00,120116.01,120496.0,120062.74,120495.99,13.29309,1755082799999,1599336.85721960,1178,9.82586000,1181956.46605320,0,0.0031634417426953387,119932.51000000001,119659.09700000002,119725.954,427.17968335251805,1,0
2025-08-13 11:00:00,120495.99,120923.61,120459.99,120580.01,55.01314,1755086399999,6637836.54856770,1960,33.11919000,3996033.96748980,0,0.0006972846150314904,120166.152,119769.25199999998,119758.25600000001,509.51525158427046,0,0
2025-08-13 12:00:00,120580.01,120686.0,120209.51,120273.73,41.87082,1755089999999,5041478.30018910,1443,29.96196000,3607154.32266540,0,-0.0025400561834419966,120302.044,119841.688,119789.18600000002,526.0051058025449,1,0
2025-08-13 13:00:00,120273.73,463770.06,120128.19,121772.18,22.65309,1755093599999,2737962.35339400,1312,6.84396000,827590.89254520,0,0.012458664082339421,120647.58399999999,120070.63200000001,119914.29500000001,786.2664579428512,0,0
2025-08-13 14:00:00,121772.17,494665.89,120816.01,120877.36,31.83417,1755097199999,3872926.04863120,1836,19.18250000,2332974.66367280,0,-0.007348312233549481,120799.854,120223.651,119990.919,778.6882947127998,1,0
2025-08-13 15:00:00,120880.0,121329.3,119852.77,120928.76,21.14883,1755100799999,2558319.48952750,1720,10.62842000,1285999.94564660,0,0.0004252243761775354,120886.40800000001,120409.45899999999,120054.093,689.588411002875,1,0
2025-08-13 16:00:00,120920.62,121718.47,120920.62,121421.76,70.68501,1755104399999,8588386.91370130,2460,53.95296000,6553910.20831740,0,0.004076780411872205,121054.75799999999,120610.455,120115.576,658.7214470696646,1,0
2025-08-13 17:00:00,121421.76,121879.97,121421.76,121826.1,33.03165,1755107999999,4019799.97341360,2495,20.75714000,2526383.96172200,0,0.0033300456195002326,121365.232,120833.638,120211.71300000002,654.2408493290229,0,0
2025-08-13 18:00:00,121823.25,517166.69,100000.0,121639.2,72.36571,1755111599999,8799525.42740960,2097,38.54939000,4689372.17522620,0,-0.0015341540113326113,121338.63599999998,120993.10999999999,120289.166,634.5712812965808,1,0
2025-08-13 19:00:00,121639.2,546128.02,121552.65,122754.01,21.17638,1755115199999,2590716.32274320,1533,14.30096000,1750218.90993400,0,0.009164890923320845,121713.96599999999,121256.91,120419.48449999999,764.4668730137222,1,0
2025-08-13 20:00:00,122744.21,122972.59,122507.87,122904.0,80.47125,1755118799999,9885222.44902360,1169,73.86739000,9074690.74433200,0,0.001221874544057755,122109.014,121497.71099999998,120578.40400000001,870.1048088279235,0,0
2025-08-13 21:00:00,122904.01,122964.17,122298.21,122528.32,35.84616,1755122399999,4394711.43001320,2424,16.87892000,2069010.67715420,0,-0.0030566946559915653,122330.326,121692.54200000002,120730.897,859.8533469906997,1,0
2025-08-13 22:00:00,122527.8,123596.5,122527.79,122944.66,56.66845,1755125999999,6975952.47678120,2038,35.76612000,4404056.74208820,0,0.0033979083366195706,122554.03800000002,121959.63499999998,120900.6615,781.4171807307625,1,0
2025-08-13 23:00:00,122944.66,123706.33,122939.99,123306.44,32.08553,1755129599999,3955032.55731450,1326,14.43449000,1779156.22900060,0,0.002942624754910028,122887.486,122113.06099999999,121091.84650000001,884.3619325260878,1,0
2025-08-14 00:00:00,123306.44,576711.19,123255.91,123837.78,44.03259,1755133199999,5450668.29636850,1793,28.01521000,3467102.76181920,0,0.00430910177927446,123104.23999999999,122409.103,121316.37700000001,919.5502680497068,0,0
2025-08-14 01:00:00,123847.82,125162.49,123337.66,123341.6,28.95746,1755136799999,3580937.43805110,1632,13.84303000,1712220.30303460,0,-0.004006693272440742,123191.76000000001,122650.38700000002,121529.923,796.2488325498849,1,0
2025-08-14 02:00:00,123362.28,123689.98,123270.2,123662.52,18.63942,1755140399999,2302203.77082140,1364,8.57174000,1058637.24115400,0,0.0026018796577957914,123418.6,122874.46300000002,121742.459,724.1008368110627,0,0
2025-08-14 03:00:00,123598.49,123849.98,123295.21,123349.09,29.13654,1755143999999,3599860.45480580,1518,13.67657000,1689520.30306070,0,-0.002534559379834822,123499.486,123026.76199999999,121930.2,633.6099529402842,0,0
2025-08-14 04:00:00,123337.14,123421.41,122998.38,123018.81,48.55834,1755147599999,5983950.75025200,1771,24.07480000,2966767.84280480,0,-0.0026776038639604316,123441.96,123164.723,122078.91649999998,407.91566495422234,0,0
2025-08-14 05:00:00,123018.81,123120.37,100000.0,122134.76,42.54546,1755151199999,5210679.83221430,1970,19.18744000,2357748.36209670,0,-0.007186299396003015,123101.356,123102.798,122179.854,511.13688796915955,0,0
2025-08-14 06:00:00,122134.76,122200.0,93268.05,121771.27,64.71908,1755154799999,7873032.38948680,2510,29.73541000,3620313.27636280,0,-0.002976138815845686,122787.29,122989.525,122243.61799999999,663.0306435749513,0,1
2025-08-14 07:00:00,121771.28,122337.84,121538.28,121724.78,29.96629,1755158399999,3648133.16271410,1601,19.24976000,2343274.58292750,0,-0.00038178135121691437,122399.742,122909.171,122300.8565,765.853838587613,0,1
2025-08-14 08:00:00,121724.78,122656.81,121587.09,121632.1,98.47984,1755161999999,12000752.25305840,1922,81.17845000,9892269.86818170,0,-0.0007613897515361678,122056.344,122777.915,122368.775,865.1370099119139,1,1
2025-08-14 09:00:00,121632.1,121918.8,121425.1,121660.81,19.04261,1755165599999,2318844.12687460,2022,8.23806000,1003038.68016880,0,0.00023603966387164554,121784.74399999999,122613.352,122363.2065,908.8413569536003,0,1
2025-08-14 10:00:00,121660.8,123523.96,120379.47,120945.05,137.77067,1755169199999,16680817.79801820,2167,84.28965000,10206849.91871390,0,-0.005883242105654163,121546.802,122324.079,122366.59099999999,935.7796784685503,1,1
2025-08-14 11:00:00,120945.05,122905.48,120637.97,120949.67,92.30848,1755172799999,11163353.34114180,1557,52.48547000,6346981.46129660,0,3.8199165654173584e-05,121382.482,122084.88599999998,122367.6365,952.3462641206754,0,1
2025-08-14 12:00:00,120949.67,122657.57,57222.22,118872.27,35.77542,1755176399999,4222888.22980500,3631,14.20621000,1708257.10532760,0,-0.017175739297180304,120811.98000000001,121605.86099999999,122240.16199999998,1233.7834169879295,0,1
2025-08-14 13:00:00,118866.38,122657.57,57222.22,118449.57,25.5223,1755179999999,3020482.59792870,2250,10.11906000,1198008.80283920,0,-0.003555917624858962,120175.474,121115.90900000001,122071.3355,1422.9386489276283,1,1
2025-08-14 14:00:00,118449.57,122657.57,118009.99,118836.28,21.1856,1755183599999,2516590.35601460,1330,12.14557000,1442449.14622240,0,0.003264764912189966,119610.568,120697.656,121931.18950000001,1416.1414724233468,0,1
2025-08-14 15:00:00,118772.89,118885.83,117906.0,118255.0,26.89456,1755187199999,3184210.63159970,1628,16.69981000,1976990.81017710,0,-0.004891435511108266,119072.558,120309.68000000001,121706.23899999999,1507.2106942227522,0,1
2025-08-14 16:00:00,118255.0,118255.0,117423.99,117838.11,7.59636,1755190799999,894871.64971830,1296,3.72948000,439360.50079680,0,-0.0035253477654221266,118450.246,119916.36400000002,121452.94449999998,1594.1070251695219,1,1
2025-08-14 17:00:00,117838.1,122657.57,117336.67,117911.77,209.85912,1755194399999,24759556.82389300,1704,130.43738000,15385748.64940720,0,0.0006250948865353934,118258.146,119535.063,121222.117,1569.3140404868327,1,1
2025-08-14 18:00:00,117935.43,122657.57,96947.78,118056.01,106.79473,1755197999999,12575883.21098190,1354,99.10334000,11671043.63100990,0,0.0012232875479689653,118179.43400000001,119177.45399999998,120977.6845,1440.5211498177653,0,1
2025-08-14 19:00:00,118056.01,118511.01,117929.29,117929.29,9.64192,1755201599999,1139755.45386840,1059,5.38368000,636608.51014200,0,-0.001073388809261,117998.036,118804.302,120708.827,1186.7014435339183,0,1
2025-08-14 20:00:00,117929.3,118146.55,117729.99,117892.0,2.74778,1755205199999,324048.68460140,1068,1.61601000,190626.91028890,0,-0.0003162064318371627,117925.43599999999,118498.997,120411.53800000002,942.3212683002101,0,1
