timestamp,open,high,low,close,volume,MA_short,MA_long,signal
2025-07-25 01:00:00,117706.99,119000.0,117158.98,117447.91,133.89574,,,0
2025-07-25 02:00:00,117447.91,117453.01,116477.91,116479.0,62.8745,,,0
2025-07-25 03:00:00,116479.0,118400.0,114140.59,115410.0,105.84306,,,0
2025-07-25 04:00:00,115413.71,118500.0,114745.12,116113.2,123.31942,,,0
2025-07-25 05:00:00,116110.0,119000.0,95094.12,115502.3,131.1009,116190.482,,0
2025-07-25 06:00:00,115502.3,118500.0,45000.0,115299.99,178.07913,115760.898,,0
2025-07-25 07:00:00,115300.49,118800.0,101930.4,114794.67,174.34339,115424.03199999998,,0
2025-07-25 08:00:00,114798.0,115936.18,101930.4,115180.2,112.97625,115378.072,,0
2025-07-25 09:00:00,115177.89,115939.12,100000.0,115931.37,103.79532,115341.706,,0
2025-07-25 10:00:00,115931.37,116705.03,115929.38,116297.33,88.06196,115500.71199999998,,0
2025-07-25 11:00:00,116297.33,116776.56,116291.3,116564.29,79.52382,115753.572,,0
2025-07-25 12:00:00,116564.28,117687.3,115458.19,116000.0,116.148,115994.63799999999,,0
2025-07-25 13:00:00,116066.41,117251.76,25000.0,116092.3,109.49713,116177.058,,0
2025-07-25 14:00:00,116092.64,116303.35,67895.0,114964.99,106.21728,115983.782,,0
2025-07-25 15:00:00,114964.99,239741.24,25000.0,115793.66,105.2349,115883.048,115858.08066666666,1
2025-07-25 16:00:00,115794.22,116175.56,115507.89,116174.95,99.80482,115805.18000000001,115773.21666666666,1
2025-07-25 17:00:00,116170.32,116346.03,115894.74,116076.0,89.88285,115820.38,115746.35,1
2025-07-25 18:00:00,116076.0,116535.68,30000.0,116491.65,86.20914,115900.25,115818.46,1
2025-07-25 19:00:00,116491.54,169350.6,106702.54,116694.4,103.63514,116246.13200000001,115857.20666666665,1
2025-07-25 20:00:00,116694.39,117333.4,116578.03,117060.08,82.93189,116499.416,115961.05866666668,1
2025-07-25 21:00:00,117059.99,117441.58,116966.66,117138.07,56.97061,116692.04000000001,116083.59733333335,1
2025-07-25 22:00:00,117138.08,117565.3,117108.7,117279.98,51.79893,116932.83600000001,116249.28466666667,1
2025-07-25 23:00:00,117279.99,117630.05,117126.24,117628.53,50.98841,117160.21200000001,116412.50666666667,1
2025-07-26 00:00:00,117627.28,117634.73,117328.38,117495.99,76.86635,117320.53,116516.81466666669,1
2025-07-26 01:00:00,117496.0,117550.9,117150.71,117153.73,39.19151,117339.26000000001,116573.90800000001,1
2025-07-26 02:00:00,117153.73,117741.0,117151.34,117487.27,71.7261,117409.1,116635.44,1
2025-07-26 03:00:00,117487.27,117618.0,117437.47,117504.91,56.74443,117454.08600000001,116735.76733333334,1
2025-07-26 04:00:00,117489.07,117560.71,117413.98,117496.0,35.78983,117427.58,116829.34733333332,1
2025-07-26 05:00:00,117495.99,117566.31,117411.89,117446.66,30.55403,117417.714,116994.79199999999,1
2025-07-26 06:00:00,117446.65,117458.69,117327.29,117350.71,21.3335,117457.11000000002,117098.59533333335,1
2025-07-26 07:00:00,117350.72,117384.7,117304.47,117304.47,18.59158,117420.55,117173.89666666668,1
2025-07-26 08:00:00,117304.47,117655.26,117304.46,117554.21,35.57018,117430.41,117272.444,1
2025-07-26 09:00:00,117554.21,117625.59,117458.01,117570.59,38.29935,117445.32800000001,117344.37333333332,1
2025-07-26 10:00:00,117570.59,118197.49,117545.1,117981.21,67.6766,117552.23800000001,117430.16066666668,1
2025-07-26 11:00:00,117981.21,118080.57,117776.11,117776.11,66.01034,117637.318,117477.896,1
2025-07-26 12:00:00,117776.11,118019.77,117771.23,117918.01,49.42713,117760.026,117529.89199999999,1
2025-07-26 13:00:00,117914.17,118249.02,117824.88,118125.24,67.11029,117874.232,117586.24266666666,1
2025-07-26 14:00:00,118125.22,177320.04,117968.0,118065.54,63.51251,117973.222,117615.37666666666,1
2025-07-26 15:00:00,118064.99,118212.15,115950.25,118130.11,62.98542,118003.00200000001,117657.65133333333,1
2025-07-26 16:00:00,118130.09,118270.64,117904.06,118081.18,85.58435,118064.01599999999,117719.48133333333,1
2025-07-26 17:00:00,118081.18,118274.45,117900.0,118039.99,64.82841,118088.41199999998,117756.32933333333,1
2025-07-26 18:00:00,118039.98,118150.0,117862.21,118095.15,64.92057,118082.394,117795.67866666666,1
2025-07-26 19:00:00,118095.16,118342.59,117999.01,118232.11,37.04495,118115.70800000001,117844.75266666667,1
2025-07-26 20:00:00,118232.12,118236.82,117875.21,117977.24,61.47438,118085.134,117880.12466666667,1
2025-07-26 21:00:00,118004.37,118073.7,117740.52,118073.7,60.69048,118083.638,117928.32400000001,1
2025-07-26 22:00:00,118073.7,118329.31,115039.28,118007.02,96.84758,118077.044,117975.16066666666,1
2025-07-26 23:00:00,118007.03,118034.42,117867.14,117905.0,38.13195,118039.01400000001,117998.54666666666,1
2025-07-27 00:00:00,117904.78,117980.22,117825.0,117923.28,46.64614,117977.24799999999,118022.05933333334,-1
2025-07-27 01:00:00,117919.41,118200.0,117883.54,118102.0,38.05197,118002.2,118030.112,-1
2025-07-27 02:00:00,118102.01,118310.34,117963.0,118271.88,41.70503,118041.83600000001,118063.16333333333,-1
2025-07-27 03:00:00,118309.99,118313.04,118086.47,118182.83,30.34047,118076.99799999999,118080.818,-1
2025-07-27 04:00:00,118185.29,118288.91,118147.77,118213.16,41.07938,118138.63,118086.67933333333,1
2025-07-27 05:00:00,118215.09,118300.0,118160.01,118263.8,39.0496,118206.73399999998,118099.89666666667,1
2025-07-27 06:00:00,118263.79,177718.51,118202.1,118263.4,33.22704,118239.014,118108.78266666667,1
2025-07-27 07:00:00,118263.4,118263.4,30000.0,118095.95,29.86081,118203.82800000001,118109.76733333334,1
2025-07-27 08:00:00,118095.95,118143.0,117895.19,117950.48,29.00829,118157.35800000001,118103.8,1
2025-07-27 09:00:00,117950.48,118098.81,117700.0,117929.82,37.12083,118100.68999999999,118092.778,1
2025-07-27 10:00:00,117935.09,118288.7,117843.7,118192.3,46.96224,118086.38999999998,118090.124,-1
2025-07-27 11:00:00,118192.3,118251.63,118049.66,118054.16,46.18653,118044.54199999999,118095.25200000001,-1
2025-07-27 12:00:00,118051.1,118103.82,117865.33,118100.29,49.94886,118045.41,118097.02466666668,-1
2025-07-27 13:00:00,118106.0,118215.0,118085.87,118201.99,51.35701,118095.71200000001,118110.02266666667,-1
2025-07-27 14:00:00,118202.0,118499.0,118149.42,118420.52,73.72321,118193.852,118144.39066666667,1
2025-07-27 15:00:00,118420.52,118588.0,118236.85,118576.42,89.39539,118270.676,118187.93333333333,1
2025-07-27 16:00:00,118576.42,119730.02,118572.02,119013.61,102.04028,118462.56600000002,118248.70733333332,1
2025-07-27 17:00:00,119013.61,570299.61,118250.0,119196.6,87.86932,118681.82800000001,118310.35533333334,1
2025-07-27 18:00:00,119196.6,119364.59,96500.0,119039.88,93.72401,118849.406,118367.49200000001,1
2025-07-27 19:00:00,119039.88,123492.37,118792.46,118953.82,77.93735,118956.06599999999,118416.86933333334,1
2025-07-27 20:00:00,118960.01,123421.01,118728.28,118746.67,68.33575,118990.116,118449.06066666667,1
2025-07-27 21:00:00,118746.58,126824.33,118620.75,119235.09,71.73312,119034.41200000001,118513.84,1
2025-07-27 22:00:00,119235.1,120517.18,119235.08,119497.5,75.71493,119094.59200000002,118607.27666666666,1
2025-07-27 23:00:00,119496.7,120517.18,119208.52,119398.15,83.21485,119166.246,118703.788,1
2025-07-28 00:00:00,119402.31,119870.57,119137.82,119298.42,94.44752,119235.166,118795.02799999999,1
2025-07-28 01:00:00,119298.42,119641.93,118939.19,119029.06,87.74598,119291.644,118850.812,1
2025-07-28 02:00:00,119021.12,200000.0,119021.12,119402.44,103.23776,119325.11400000002,118940.69733333333,1
2025-07-28 03:00:00,119402.44,119504.43,119153.05,119268.08,82.00962,119279.23000000001,119018.55,1
2025-07-28 04:00:00,119268.08,150100.0,119021.12,119218.4,90.92814,119243.28,119086.31066666666,1
2025-07-28 05:00:00,119218.05,119699.98,118749.51,119553.4,98.69625,119294.276,119161.83599999998,1
2025-07-28 06:00:00,119553.39,119685.58,119367.81,119448.02,53.79718,119378.068,119219.94266666665,1
2025-07-28 07:00:00,119448.03,119448.04,24000.0,118905.6,82.80161,119278.7,119212.742,1
2025-07-28 08:00:00,118900.77,119167.08,118688.09,119102.69,77.6617,119245.622,119206.48133333333,1
2025-07-28 09:00:00,119102.69,119102.69,118704.01,118936.31,56.71505,119189.204,119199.57666666666,-1
2025-07-28 10:00:00,118936.31,118953.53,118632.83,118741.06,51.74753,119026.73599999999,119185.39266666668,-1
2025-07-28 11:00:00,118741.06,118861.72,118496.88,118832.0,75.53852,118903.53199999998,119191.08133333334,-1
2025-07-28 12:00:00,118831.99,570299.61,118766.4,118829.17,103.41976,118888.246,119164.02,-1
2025-07-28 13:00:00,118829.17,118984.61,30000.0,118389.75,101.65776,118745.65800000001,119090.17,-1
2025-07-28 14:00:00,118362.91,570299.61,31211.79,117954.3,98.67415,118549.25600000001,118993.91333333333,-1
2025-07-28 15:00:00,117963.74,570299.61,29793.75,118184.03,101.49427,118437.85,118919.62066666667,-1
2025-07-28 16:00:00,118177.87,118569.87,117858.77,118039.21,96.41099,118279.29199999999,118853.63066666666,-1
2025-07-28 17:00:00,118031.98,565632.76,32968.15,117663.9,129.88612,118046.23800000001,118737.72799999999,-1
2025-07-28 18:00:00,117663.9,570299.61,25046.83,117781.13,120.99671,117924.51400000001,118638.598,-1
2025-07-28 19:00:00,117776.56,118216.64,117556.43,117964.0,104.46107,117926.454,118554.97133333333,-1
2025-07-28 20:00:00,117964.01,129848.98,117432.04,118000.01,99.49611,117889.65,118451.41200000001,-1
2025-07-28 21:00:00,118000.01,118408.99,27352.97,117964.15,89.118,117874.63799999999,118352.48733333334,-1
2025-07-28 22:00:00,117963.67,118250.16,114580.61,117842.0,78.88356,117910.258,118281.58066666666,-1
2025-07-28 23:00:00,117842.0,118173.45,117830.19,118049.02,84.94717,117963.83600000001,118211.336,-1
2025-07-29 00:00:00,118047.79,118424.0,117008.74,117962.83,86.80249,117963.602,118146.43733333334,-1
2025-07-29 01:00:00,117962.83,118245.36,117582.99,117786.43,62.35985,117920.88599999998,118082.79533333333,-1
2025-07-29 02:00:00,117784.79,118100.78,117455.56,118100.02,70.06419,117948.05999999998,118033.99666666666,-1
2025-07-29 03:00:00,118100.02,118923.92,117851.31,118749.1,76.64669,118129.48000000001,118028.65866666667,1
2025-07-29 04:00:00,118760.58,118796.63,118416.67,118429.54,68.87964,118205.584,118031.31133333333,1
2025-07-29 05:00:00,118429.54,118856.58,118412.11,118793.84,69.50499,118371.786,118087.28066666666,1
2025-07-29 06:00:00,118795.17,119090.5,118628.35,118766.75,76.62615,118567.85,118126.12866666666,1
2025-07-29 07:00:00,118766.75,119272.73,118753.4,118877.54,71.44633,118723.354,118182.01733333334,1
2025-07-29 08:00:00,118877.54,119072.45,118764.86,118859.35,67.16295,118745.40400000001,118261.71399999999,1
2025-07-29 09:00:00,118859.28,119040.4,118758.98,118784.8,69.29374,118816.456,118328.62533333333,1
2025-07-29 10:00:00,118784.8,118881.83,118312.54,118316.01,79.34715,118720.88999999998,118352.09266666666,1
2025-07-29 11:00:00,118318.56,118596.19,118166.57,118596.19,82.37837,118686.778,118391.83799999999,1
2025-07-29 12:00:00,118592.33,119075.31,118456.41,118916.2,89.3256,118694.51000000001,118455.308,1
2025-07-29 13:00:00,118916.19,119000.54,118562.19,118586.21,81.99818,118639.88200000001,118504.922,1
2025-07-29 14:00:00,118586.22,118615.01,117467.51,117906.88,98.43037,118464.298,118495.446,-1
2025-07-29 15:00:00,117911.37,117921.26,117298.44,117382.31,95.29937,118277.558,118456.74466666667,-1
2025-07-29 16:00:00,117382.29,117730.54,117036.67,117687.33,91.24216,118095.786,118450.138,-1
2025-07-29 17:00:00,117657.15,118057.05,117657.15,117769.82,95.17466,117866.51000000001,118428.12466666667,-1
2025-07-29 18:00:00,117769.82,117813.53,117488.0,117600.93,88.25634,117669.454,118351.58,-1
2025-07-29 19:00:00,117601.51,118018.27,62050.0,117577.16,96.52702,117603.51000000001,118294.75466666667,-1
2025-07-29 20:00:00,117561.92,117807.5,117106.23,117393.0,95.609,117605.648,118201.36533333334,-1
2025-07-29 21:00:00,117369.52,117640.0,117192.48,117632.98,66.69917,117594.778,118125.78066666666,-1
2025-07-29 22:00:00,117632.97,117851.27,117459.0,117846.21,60.28028,117610.05600000001,118057.02533333332,-1
2025-07-29 23:00:00,117846.43,117964.0,117655.61,117946.02,44.87256,117679.074,117996.13666666667,-1
2025-07-30 00:00:00,117950.02,117981.03,117540.27,117739.03,58.54479,117711.448,117926.41866666666,-1
2025-07-30 01:00:00,117738.52,117999.47,117442.42,117862.84,71.6906,117805.416,117896.20733333334,-1
2025-07-30 02:00:00,117862.85,118200.0,117672.21,118024.1,82.34127,117883.63999999998,117858.068,1
2025-07-30 03:00:00,118024.11,118233.08,117900.0,118161.87,55.72607,117946.772,117807.77933333332,1
2025-07-30 04:00:00,118161.87,118275.17,117955.48,117996.53,57.56126,117956.874,117768.46733333333,1
2025-07-30 05:00:00,117993.52,118080.76,117683.58,117992.25,69.51354,118007.518,117774.15866666667,1
2025-07-30 06:00:00,117992.26,118333.7,117975.14,118318.17,64.67924,118098.584,117836.54933333333,1
2025-07-30 07:00:00,118310.17,118513.14,118120.79,118122.22,69.29496,118118.20800000001,117865.54199999999,1
2025-07-30 08:00:00,118122.22,118480.26,117953.51,118432.99,74.34538,118172.432,117909.75333333334,1
2025-07-30 09:00:00,118422.89,118500.0,62050.0,118115.05,76.11715,118196.13600000001,117944.02799999999,1
2025-07-30 10:00:00,118117.92,119455.72,62050.0,118219.99,14.6241,118241.68400000001,117986.88333333333,1
2025-07-30 11:00:00,117921.25,456972.83,22684.23,117618.3,8.0289,118101.71,118001.90333333334,1
2025-07-30 12:00:00,118507.8,394594.61,30000.0,117801.0,6.12757,118037.46600000001,118013.10466666667,1
2025-07-30 13:00:00,117800.89,139787.1,108504.27,117840.3,16.39653,117918.928,118012.71066666668,-1
2025-07-30 14:00:00,117840.3,136124.91,80000.0,118651.97,16.01602,118026.31199999999,118059.774,-1
2025-07-30 15:00:00,118018.65,133869.35,49865.0,117984.26,13.57439,117979.166,118076.12266666668,-1
2025-07-30 16:00:00,117984.25,117984.26,115301.67,117713.05,7.04387,117998.116,118066.13666666667,-1
2025-07-30 17:00:00,117713.05,118881.19,116883.61,117802.1,8.42992,117998.33600000001,118051.33666666667,-1
2025-07-30 18:00:00,117802.1,118266.09,30000.0,116771.26,5.99589,117784.528,117958.62933333333,-1
2025-07-30 19:00:00,116936.05,117429.82,112940.26,116231.95,11.56925,117300.524,117840.99066666666,-1
2025-07-30 20:00:00,116124.52,116902.01,112636.27,116875.6,10.5097,117078.79199999999,117766.54733333334,-1
2025-07-30 21:00:00,116902.01,118643.71,111974.32,116283.56,11.39608,116792.894,117630.90666666668,-1
2025-07-30 22:00:00,116283.56,119085.59,114248.5,118196.2,8.10879,116871.714,117635.83866666668,-1
2025-07-30 23:00:00,119048.4,134135.62,85132.77,118992.68,9.57664,117315.99799999999,117673.15133333333,-1
2025-07-31 00:00:00,119469.6,456972.83,69021.68,117605.29,12.02757,117590.666,117639.16733333333,-1
2025-07-31 01:00:00,117055.57,515410.66,30133.32,118055.33,14.80468,117826.61200000001,117628.19,1
2025-07-31 02:00:00,118056.49,146561.97,25200.0,115738.07,31.52079,117717.51400000001,117502.84133333334,1
2025-07-31 03:00:00,115738.07,200000.0,50153.37,118436.51,34.26368,117765.576,117545.20866666666,1
2025-07-31 04:00:00,118224.26,167954.5,115800.0,117314.82,9.06863,117430.004,117510.17666666667,-1
2025-07-31 05:00:00,117908.49,127813.48,109531.19,121939.06,14.00689,118296.758,117729.316,1
2025-07-31 06:00:00,123523.14,186989.98,30000.0,118690.86,26.56844,118423.86400000002,117776.42266666665,1
2025-07-31 07:00:00,118374.39,181775.13,59311.99,118687.82,6.0671,119013.81400000001,117841.40733333332,1
2025-07-31 08:00:00,118665.97,130486.4,118374.91,118626.01,5.6804,119051.71399999999,117896.33466666666,1
2025-07-31 09:00:00,118626.01,119101.47,118312.32,118617.95,2.86318,119312.34,118019.44733333333,1
2025-07-31 10:00:00,118617.96,118784.62,30000.0,118508.44,6.33711,118626.21599999999,118171.21333333335,1
2025-07-31 11:00:00,118763.42,119007.81,117899.3,118364.79,5.72396,118561.00200000001,118270.49266666666,1
2025-07-31 12:00:00,118342.94,118645.1,117951.97,118626.18,12.58421,118548.674,118426.66733333333,1
2025-07-31 13:00:00,118626.18,118692.08,117711.32,118573.28,13.16674,118538.128,118451.80600000001,1
2025-07-31 14:00:00,118568.63,119071.21,117273.45,117913.19,13.17513,118397.176,118379.84000000001,1
2025-07-31 15:00:00,117913.18,121615.28,30000.0,118297.31,30.31667,118354.95,118425.97466666668,-1
2025-07-31 16:00:00,118297.31,143001.59,31748.44,118537.52,15.24438,118389.496,118458.12066666667,-1
2025-07-31 17:00:00,118538.52,118737.14,95228.44,117733.18,14.9513,118210.896,118591.12800000001,-1
2025-07-31 18:00:00,117728.0,125287.06,115138.55,117657.66,3.39434,118027.772,118539.20466666667,-1
2025-07-31 19:00:00,117658.81,145147.03,26028.89,116788.57,17.35332,117802.848,118504.12133333334,-1
2025-07-31 20:00:00,116785.78,147174.37,100000.0,116514.0,18.00543,117446.18600000002,118142.45066666667,-1
2025-07-31 21:00:00,116514.0,147179.23,60000.0,115988.82,12.9634,116936.446,117962.31466666666,-1
2025-07-31 22:00:00,116536.96,147318.8,115924.39,116562.13,11.53076,116702.236,117820.602,-1
2025-07-31 23:00:00,116512.13,147318.8,78852.76,115770.01,12.60291,116324.706,117630.202,-1
2025-08-01 00:00:00,115764.08,255561.18,30000.0,114442.83,18.08086,115855.558,117351.86066666667,-1
2025-08-01 01:00:00,114442.83,131815.33,101557.3,115338.36,9.05208,115620.43000000001,117140.52199999998,-1
2025-08-01 02:00:00,115338.36,139567.17,88519.52,115957.42,7.68945,115614.15,116980.03066666667,-1
2025-08-01 03:00:00,115966.12,116464.26,115621.74,115652.51,5.20842,115432.226,116781.78600000001,-1
2025-08-01 04:00:00,115648.03,116223.26,88888.0,115712.88,9.60859,115420.8,116591.09266666666,-1
2025-08-01 05:00:00,115695.53,116255.26,33000.0,115544.2,15.03012,115641.074,116433.15999999999,-1
2025-08-01 06:00:00,115544.2,200000.0,69374.87,115156.52,9.05393,115604.706,116223.77399999999,-1
2025-08-01 07:00:00,115156.52,120000.0,77777.0,115090.33,4.78754,115431.28799999999,115993.96133333333,-1
2025-08-01 08:00:00,115081.76,115120.92,94777.9,114655.99,10.65597,115231.98400000001,115788.81533333333,-1
2025-08-01 09:00:00,114645.17,189096.88,69924.28,114975.3,31.72618,115084.46800000002,115609.99133333334,-1
2025-08-01 10:00:00,114975.3,237869.94,33045.54,114753.61,36.426,114926.35,115474.32733333333,-1
2025-08-01 11:00:00,114810.31,115336.98,114608.09,115305.64,13.50862,114956.174,115393.77,-1
2025-08-01 12:00:00,115295.04,115900.0,115210.14,115747.09,57.76562,115087.526,115377.65466666665,-1
2025-08-01 13:00:00,115732.47,116011.99,114186.0,114367.9,63.97673,115029.90800000001,115231.37266666668,-1
2025-08-01 14:00:00,114367.9,115831.27,114078.96,115619.8,51.77077,115158.808,115221.35866666668,-1
2025-08-01 15:00:00,115619.8,115628.98,40000.0,115363.71,22.62363,115280.82800000001,115282.75066666667,-1
2025-08-01 16:00:00,115347.36,115754.86,114817.81,115007.82,24.77253,115221.26400000001,115260.71466666668,-1
2025-08-01 17:00:00,115015.81,115104.02,114345.0,114388.32,56.58636,114949.51000000001,115156.108,-1
2025-08-01 18:00:00,114419.99,114496.59,113743.77,113830.11,36.28983,114841.952,115034.61466666666,-1
2025-08-01 19:00:00,113830.11,114124.0,113221.94,113322.57,77.21047,114382.50600000001,114875.26066666668,-1
2025-08-01 20:00:00,113322.78,113980.0,113184.99,113951.09,62.72976,114099.982,114769.05333333333,-1
2025-08-01 21:00:00,113951.09,114094.08,113715.14,113892.11,33.30916,113876.84,114684.75933333334,-1
2025-08-01 22:00:00,113892.12,114045.46,31000.0,113182.0,56.22052,113635.576,114557.53733333334,-1
2025-08-01 23:00:00,113182.01,115765.09,112961.02,113297.93,65.61313,113529.13999999998,114467.0,-1
2025-08-02 00:00:00,113297.93,151896.19,31000.0,113817.16,46.50836,113628.058,114389.79066666665,-1
2025-08-02 01:00:00,113822.97,113909.3,63470.39,113674.24,14.58363,113572.688,114317.83266666667,-1
2025-08-02 02:00:00,113674.23,152196.08,63470.39,113702.24,18.79326,113534.714,114210.93933333333,-1
2025-08-02 03:00:00,113703.28,113909.87,86609.95,113909.87,22.38247,113680.28799999999,114088.45800000001,-1
2025-08-02 04:00:00,113909.87,152196.08,109330.29,114025.76,18.36976,113825.854,114065.64866666666,-1
2025-08-02 05:00:00,114025.75,152795.87,113855.02,113981.07,25.74479,113858.63599999998,113956.4,-1
2025-08-02 06:00:00,113981.07,153845.5,91248.93,113697.85,46.77851,113863.35800000001,113845.34266666666,1
2025-08-02 07:00:00,113697.84,207098.39,102592.8,113986.22,32.01997,113920.15400000001,113777.23599999999,1
2025-08-02 08:00:00,113988.19,114040.29,92453.63,113682.19,16.96113,113874.61799999999,113730.16066666668,1
2025-08-02 09:00:00,113682.19,113852.0,77777.0,113690.71,14.53034,113807.60800000001,113720.86733333333,1
2025-08-02 10:00:00,113690.7,113704.0,113430.0,113557.68,23.1227,113722.93000000001,113736.54133333333,-1
2025-08-02 11:00:00,113550.89,113914.26,113451.77,113791.54,14.53633,113741.66799999999,113725.90466666667,1
2025-08-02 12:00:00,113791.53,113791.53,113564.99,113630.0,11.09482,113670.424,113708.43066666667,-1
2025-08-02 13:00:00,113629.99,113630.0,102855.59,113462.01,32.74879,113626.38799999999,113727.098,-1
2025-08-02 14:00:00,113462.01,113530.0,112794.87,113117.68,55.51854,113511.782,113715.08133333334,-1
2025-08-02 15:00:00,113117.68,113401.89,112824.41,112840.7,46.21419,113368.38599999998,113649.984,-1
2025-08-02 16:00:00,112840.71,113261.16,112149.23,113200.25,60.34993,113250.128,113618.38466666666,-1
2025-08-02 17:00:00,113200.24,113420.0,30000.0,112724.03,38.04405,113068.93399999998,113553.17066666666,-1
2025-08-02 18:00:00,112724.03,112876.34,112100.0,112330.39,107.62076,112842.60999999999,113447.872,-1
2025-08-02 19:00:00,112319.99,112899.0,112013.99,112222.31,60.44648,112663.53600000001,113327.64199999999,-1
2025-08-02 20:00:00,112229.42,112726.06,112069.86,112726.06,29.81841,112640.60800000001,113243.97466666666,-1
2025-08-02 21:00:00,112746.41,113058.82,112562.02,112859.32,21.98398,112572.42199999999,113188.07266666667,-1
2025-08-02 22:00:00,112859.33,113000.0,112555.0,112862.14,13.62378,112600.044,113113.134,-1
2025-08-02 23:00:00,112862.14,113500.0,112280.86,112552.01,50.53964,112644.36799999999,113037.78866666666,-1
2025-08-03 00:00:00,112546.34,112983.12,110157.46,112963.99,28.77408,112792.704,112989.34066666666,-1
2025-08-03 01:00:00,112936.83,113999.5,112841.46,113139.4,15.28865,112875.372,112961.45533333333,-1
2025-08-03 02:00:00,113113.08,113505.61,113100.0,113505.61,24.52575,113004.63,112942.39333333333,1
2025-08-03 03:00:00,113517.58,113740.69,113444.75,113614.8,19.49229,113155.16200000001,112941.37999999999,1
2025-08-03 04:00:00,113604.2,113604.2,100883.32,113458.07,47.585,113336.374,112941.11733333333,1
2025-08-03 05:00:00,113468.41,113658.99,113408.22,113623.8,16.64444,113468.33600000001,112974.85866666668,1
2025-08-03 06:00:00,113623.8,113636.5,113472.54,113534.0,10.40907,113547.25600000001,113021.07866666668,1
2025-08-03 07:00:00,113550.0,113720.15,113550.0,113700.0,10.87781,113586.134,113054.39533333335,1
2025-08-03 08:00:00,113699.99,113790.0,113572.95,113692.0,20.17658,113601.574,113118.92666666668,1
2025-08-03 09:00:00,113692.0,114729.29,113630.62,113654.95,37.76242,113640.95,113207.23066666667,1
2025-08-03 10:00:00,113654.95,113900.0,113654.94,113899.99,11.89193,113696.188,113319.07600000002,1
2025-08-03 11:00:00,113899.99,114232.01,113862.18,113862.18,22.27224,113761.824,113394.81733333334,1
2025-08-03 12:00:00,113862.19,114098.45,113666.63,114009.99,34.5916,113823.822,113471.52866666667,1
2025-08-03 13:00:00,114010.01,114095.34,109700.0,113939.0,27.02862,113873.222,113543.31933333333,1
2025-08-03 14:00:00,113938.99,115250.63,113600.0,113798.0,31.9711,113901.83200000001,113626.38533333334,1
2025-08-03 15:00:00,113798.01,113959.06,30000.0,113959.05,37.17094,113913.644,113692.72266666667,1
2025-08-03 16:00:00,113959.05,114026.82,105000.0,113995.16,19.12534,113940.23999999999,113749.77333333333,1
2025-08-03 17:00:00,113995.16,114155.75,113955.69,114117.41,23.74833,113961.724,113790.56000000001,1
2025-08-03 18:00:00,114117.41,114438.16,114070.86,114371.73,11.25701,114048.26999999999,113841.02200000001,1
2025-08-03 19:00:00,114371.74,115250.63,114259.96,114280.0,30.8423,114144.67,113895.81733333334,1
2025-08-03 20:00:00,114279.99,115250.63,114172.8,114431.57,33.95773,114239.174,113949.66866666666,1
2025-08-03 21:00:00,114429.58,114521.68,114363.46,114439.92,30.91816,114328.126,114010.06333333332,1
2025-08-03 22:00:00,114439.92,114612.24,114066.57,114324.86,33.94067,114369.616,114051.72066666666,1
2025-08-03 23:00:00,114324.83,114499.99,114176.0,114208.8,38.49869,114337.03,114086.17399999998,1
2025-08-04 00:00:00,114208.8,114952.24,114107.6,114890.78,51.28021,114459.18600000002,114168.56266666666,1
2025-08-04 01:00:00,114890.78,114984.57,114620.14,114671.96,29.23719,114507.26400000001,114220.02733333333,1
2025-08-04 02:00:00,114671.95,114877.98,114431.04,114781.23,61.56633,114575.526,114281.29733333334,1
2025-08-04 03:00:00,114781.23,114799.0,114527.73,114580.0,29.44573,114626.554,114319.298,1
2025-08-04 04:00:00,114580.01,114653.5,114345.74,114383.54,35.50044,114661.50200000001,114348.934,1
2025-08-04 05:00:00,114383.54,114418.65,114188.01,114391.25,23.3105,114561.59599999999,114388.484,1
2025-08-04 06:00:00,114391.25,114482.48,114148.58,114423.76,28.07356,114511.956,114419.46466666667,1
2025-08-04 07:00:00,114423.76,114882.23,114404.54,114652.97,85.57264,114486.304,114463.31866666667,1
2025-08-04 08:00:00,114652.97,114750.0,114360.99,114546.25,20.16209,114479.554,114491.908,-1
2025-08-04 09:00:00,114546.24,115250.63,114302.29,114315.5,32.12987,114465.946,114488.15933333333,-1
2025-08-04 10:00:00,114325.91,114506.16,114234.58,114251.83,14.87598,114438.06199999999,114486.28133333333,-1
2025-08-04 11:00:00,114251.82,114606.7,114217.97,114493.08,24.96267,114451.926,114490.382,-1
2025-08-04 12:00:00,114493.08,114535.48,114184.24,114444.37,75.33969,114410.206,114490.67866666666,-1
2025-08-04 13:00:00,114444.37,115250.63,114124.81,114913.48,52.27983,114483.652,114529.92,-1
2025-08-04 14:00:00,114913.89,117712.26,114508.91,114726.21,86.32163,114565.794,114564.414,1
2025-08-04 15:00:00,114736.78,115020.27,114560.34,114839.91,37.83426,114683.41,114561.02266666667,1
2025-08-04 16:00:00,114826.0,117712.26,114826.0,115301.0,56.27239,114844.99399999999,114602.95866666667,1
2025-08-04 17:00:00,115301.0,156149.28,115148.08,115188.7,52.42898,114993.86000000002,114630.12333333334,1
2025-08-04 18:00:00,115193.41,115482.7,30000.0,114970.36,33.73618,115005.23599999999,114656.14733333333,1
2025-08-04 19:00:00,114960.26,120785.48,109202.23,114757.34,64.05199,115011.46200000001,114681.06733333334,1
2025-08-04 20:00:00,114777.62,118223.05,114632.79,114811.95,66.2068,115005.87,114709.114,1
2025-08-04 21:00:00,114811.96,115258.62,114811.95,115093.53,18.47631,114964.376,114753.76533333333,1
2025-08-04 22:00:00,115093.53,115317.99,115086.72,115316.91,24.94574,114990.018,114798.028,1
2025-08-04 23:00:00,115316.91,115498.22,115046.67,115055.02,12.79751,115006.95,114831.946,1
2025-08-05 00:00:00,115055.03,115121.05,114844.0,114886.96,37.79142,115032.874,114870.04333333335,1
2025-08-05 01:00:00,114886.97,115119.74,109016.58,114695.18,23.80804,115009.51999999999,114899.6,1
2025-08-05 02:00:00,114695.19,114827.79,114614.94,114719.26,23.55934,114934.666,114914.67866666666,1
2025-08-05 03:00:00,114719.26,114734.46,114256.86,114256.86,15.90466,114722.656,114902.178,-1
2025-08-05 04:00:00,114256.77,114482.75,114159.99,114338.06,23.49514,114579.264,114863.81666666667,-1
2025-08-05 05:00:00,114338.06,114487.25,114239.87,114394.34,17.09603,114480.73999999999,114841.69200000001,-1
2025-08-05 06:00:00,114406.0,115101.89,114109.84,114178.63,19.65343,114377.43000000001,114797.60666666666,-1
2025-08-05 07:00:00,114178.64,114395.29,113777.25,113969.71,33.17154,114227.51999999999,114708.854,-1
2025-08-05 08:00:00,113969.7,114518.98,113880.09,114272.13,26.2824,114230.574,114647.74933333333,-1
2025-08-05 09:00:00,114272.13,114794.31,114272.13,114682.41,22.53031,114299.44399999999,114628.55266666666,-1
2025-08-05 10:00:00,114694.76,115190.82,114463.93,114849.99,38.6945,114390.574,114634.72933333334,-1
2025-08-05 11:00:00,114836.0,115021.43,114750.0,114827.07,22.32548,114520.26200000002,114635.73733333334,-1
2025-08-05 12:00:00,114827.07,156149.28,113588.23,113937.34,45.87998,114513.78800000002,114558.65800000001,-1
2025-08-05 13:00:00,113937.34,114538.47,113886.27,114383.53,56.22422,114536.068,114496.43266666666,1
2025-08-05 14:00:00,114392.13,114900.0,30000.0,113033.94,140.74911,114206.374,114361.694,-1
2025-08-05 15:00:00,113033.93,113334.31,58000.0,112942.0,140.88372,113824.776,114232.03,-1
2025-08-05 16:00:00,112942.0,115175.43,112757.03,113180.0,97.30429,113495.362,114131.018,-1
2025-08-05 17:00:00,113180.0,113655.54,107521.26,113655.53,57.00409,113439.0,114060.10266666667,-1
2025-08-05 18:00:00,113640.0,115000.26,113261.79,113630.01,50.76014,113288.296,114018.31266666668,-1
2025-08-05 19:00:00,113644.71,113852.96,113416.12,113647.33,27.73011,113410.974,113972.264,-1
2025-08-05 20:00:00,113647.32,120215.14,113494.47,113676.99,48.42395,113557.972,113924.44066666666,-1
2025-08-05 21:00:00,113676.99,113907.49,112829.83,113606.53,20.09594,113643.278,113886.30066666666,-1
2025-08-05 22:00:00,113606.52,124702.34,113286.71,113952.59,48.65669,113702.68999999999,113885.15933333333,-1
2025-08-05 23:00:00,113952.59,114297.02,113939.99,114129.76,110.19605,113802.63999999998,113875.668,-1
2025-08-06 00:00:00,114129.76,114139.38,113561.48,113879.69,45.35185,113849.112,113822.15333333334,1
2025-08-06 01:00:00,113879.69,114530.84,113478.41,113833.73,85.1531,113880.46,113754.40266666668,1
2025-08-06 02:00:00,113833.72,113833.88,113491.76,113620.0,51.25279,113883.15400000001,113673.93133333333,1
2025-08-06 03:00:00,113620.0,113658.13,113400.0,113519.87,35.0949,113796.61000000002,113646.1,1
2025-08-06 04:00:00,113509.98,113582.71,113355.13,113436.9,34.68368,113658.03799999999,113582.99133333332,1
2025-08-06 05:00:00,113436.89,114412.28,113384.81,114139.37,57.30831,113709.974,113656.68666666668,1
2025-08-06 06:00:00,114139.38,114200.0,113933.23,114084.92,22.13694,113760.21199999998,113732.88133333334,1
2025-08-06 07:00:00,114084.93,114300.0,114011.75,114227.9,13.7035,113881.79199999999,113802.74133333332,1
2025-08-06 08:00:00,114227.91,114250.0,113728.6,113948.23,19.22481,113967.46399999999,113822.25466666666,1
2025-08-06 09:00:00,113948.23,114502.97,113901.47,114093.15,27.45629,114098.71399999999,113853.13066666666,1
2025-08-06 10:00:00,114093.16,114226.69,113899.2,114067.21,17.40991,114084.28199999998,113881.12266666668,1
2025-08-06 11:00:00,114067.21,114372.28,114007.85,114226.69,17.54595,114112.63599999998,113917.76933333333,1
2025-08-06 12:00:00,114226.68,114333.59,113426.71,113904.6,39.63746,114047.976,113937.64066666667,1
2025-08-06 13:00:00,113904.61,150000.0,24823.24,114270.16,79.86106,114112.36200000001,113958.81199999999,1
2025-08-06 14:00:00,114270.15,115188.0,113885.99,115188.0,41.78892,114331.33200000001,114029.36133333333,1
2025-08-06 15:00:00,115187.96,120992.44,114800.0,115439.8,19.22517,114605.85,114133.36866666666,1
2025-08-06 16:00:00,115439.79,115477.06,114944.08,115132.5,29.79923,114787.01200000002,114219.95333333334,1
2025-08-06 17:00:00,115132.5,115500.02,115024.0,115499.99,16.75973,115106.09000000001,114345.28600000001,1
2025-08-06 18:00:00,115500.0,115891.28,115313.68,115423.22,30.85674,115336.702,114472.17599999999,1
2025-08-06 19:00:00,115423.23,115525.48,115128.17,115250.88,44.63314,115349.278,114593.10800000001,1
2025-08-06 20:00:00,115253.19,115260.0,114997.99,115073.11,30.3982,115275.93999999999,114655.35733333332,1
2025-08-06 21:00:00,115073.11,115664.14,114836.36,115048.76,33.63574,115259.192,114719.61333333333,1
2025-08-06 22:00:00,115048.76,115210.95,115039.14,115106.66,16.33503,115180.526,114778.19733333334,1
2025-08-06 23:00:00,115106.66,115112.16,114969.99,114992.27,20.55117,115094.33599999998,114847.8,1
2025-08-07 00:00:00,114992.26,115015.81,114856.15,114890.66,24.77019,115022.29199999999,114900.96733333333,1
2025-08-07 01:00:00,114890.65,115185.58,23095.89,114763.46,38.78164,114960.36200000001,114947.384,1
2025-08-07 02:00:00,114763.46,114857.33,114456.0,114574.44,21.19915,114865.49799999999,114970.56733333334,-1
2025-08-07 03:00:00,114574.44,114623.86,114404.71,114546.03,16.07138,114753.372,115013.32933333333,-1
2025-08-07 04:00:00,114546.04,114648.0,113060.81,114349.58,21.438,114624.834,115018.62400000001,-1
2025-08-07 05:00:00,114349.58,114568.74,89765.0,114568.74,24.50748,114560.45,114977.34000000001,-1
2025-08-07 06:00:00,114568.74,184767.14,114511.97,114650.0,22.70456,114537.758,114924.68666666668,-1
2025-08-07 07:00:00,114650.0,114876.79,75588.92,114782.65,19.81286,114579.4,114901.36333333333,-1
2025-08-07 08:00:00,114787.99,175854.42,114787.99,114948.74,22.87621,114659.942,114864.61333333333,-1
2025-08-07 09:00:00,114948.73,115074.14,114854.92,115062.19,21.60739,114802.464,114840.54466666668,-1
2025-08-07 10:00:00,115062.19,207863.03,115038.06,116347.23,78.53352,115158.16199999998,114913.63466666666,1
2025-08-07 11:00:00,116347.23,230958.92,46884.76,116519.53,56.08692,115532.068,115010.06266666668,1
2025-08-07 12:00:00,116519.54,116869.5,116052.94,116390.01,111.99543,115853.54,115099.47933333334,1
2025-08-07 13:00:00,116390.01,230958.92,116200.0,116639.99,64.85477,116191.79000000001,115201.70133333333,1
2025-08-07 14:00:00,116640.0,121956.8,116213.19,116316.64,66.2169,116442.67999999998,115289.99266666666,1
2025-08-07 15:00:00,116344.0,116808.07,116251.39,116689.81,86.57036,116511.196,115409.936,1
2025-08-07 16:00:00,116689.81,116748.66,115647.67,116235.65,26.82174,116454.42,115508.082,1
2025-08-07 17:00:00,116259.24,116559.99,116153.27,116498.77,9.31017,116476.17199999999,115636.37066666667,1
2025-08-07 18:00:00,116511.54,116719.56,59444.44,116573.36,112.29475,116462.84599999999,115771.52600000001,1
2025-08-07 19:00:00,116573.35,230958.92,116376.4,117468.12,123.2867,116693.14199999999,115979.42866666666,1
2025-08-07 20:00:00,117468.12,117496.05,117100.0,117184.16,7.50313,116792.01200000002,116153.79000000001,1
2025-08-07 21:00:00,117182.19,117451.0,116935.72,117105.78,31.16924,116966.03799999999,116317.50866666666,1
2025-08-07 22:00:00,117105.77,118352.38,116700.91,117554.23,108.49316,117177.13,116502.28066666666,1
2025-08-07 23:00:00,117554.24,117579.98,117292.88,117472.01,16.45786,117356.86000000002,116670.49866666667,1
2025-08-08 00:00:00,117472.02,117625.82,116889.99,117288.0,38.16046,117320.83600000001,116818.88599999998,1
2025-08-08 01:00:00,117288.0,117288.01,116794.42,116888.02,28.4217,117261.60800000001,116854.93866666665,1
2025-08-08 02:00:00,116888.02,232037.71,116697.31,116701.4,99.41624,117180.73199999999,116867.06333333332,1
2025-08-08 03:00:00,116701.4,116977.35,116699.6,116737.35,12.59231,117017.356,116890.21933333333,1
2025-08-08 04:00:00,116737.35,116869.49,116231.29,116750.01,10.2273,116872.956,116897.55399999999,-1
2025-08-08 05:00:00,116750.01,116750.01,116519.59,116530.64,10.35125,116721.48399999998,116911.82066666667,-1
2025-08-08 06:00:00,116530.63,116757.45,116401.0,116740.0,14.30138,116691.88,116915.16666666667,-1
2025-08-08 07:00:00,116740.0,116973.3,58888.89,116817.19,16.36595,116715.03799999999,116953.936,-1
2025-08-08 08:00:00,116817.19,116914.6,58333.33,116620.63,11.32262,116691.69399999999,116962.06,-1
2025-08-08 09:00:00,116620.63,116726.88,116481.44,116685.17,11.3752,116678.726,116969.514,-1
2025-08-08 10:00:00,116685.17,116714.46,116281.13,116544.4,34.38006,116681.478,116907.93266666666,-1
2025-08-08 11:00:00,116544.39,116903.37,116544.39,116891.51,89.81829,116711.78,116888.42266666667,-1
2025-08-08 12:00:00,116891.52,116891.52,116492.45,116500.49,23.0521,116648.43999999999,116848.07,-1
2025-08-08 13:00:00,116500.48,116944.25,116499.43,116917.97,31.17663,116707.90800000001,116805.65266666668,-1
2025-08-08 14:00:00,116917.98,117720.26,116408.7,116479.9,29.51876,116666.854,116739.51200000002,-1
2025-08-08 15:00:00,116479.91,116538.94,100000.0,116231.99,34.67071,116604.372,116669.11133333335,-1
2025-08-08 16:00:00,116232.0,117502.92,116023.17,116182.43,35.2349,116462.55600000001,116622.072,-1
2025-08-08 17:00:00,116182.44,130806.85,116182.43,116701.39,21.41593,116502.736,116622.07133333333,-1
2025-08-08 18:00:00,116701.39,122724.03,116336.0,116493.13,22.51951,116417.768,116605.79000000001,-1
2025-08-08 19:00:00,116493.14,116716.26,116338.84,116475.27,23.15421,116416.84199999999,116587.474,-1
2025-08-08 20:00:00,116475.28,116888.53,116334.05,116888.52,77.27259,116548.148,116611.33266666667,-1
2025-08-08 21:00:00,116888.53,116979.95,116755.53,116931.44,30.83873,116697.95,116624.09533333333,1
2025-08-08 22:00:00,116931.44,116980.0,116762.38,116888.92,22.25033,116735.456,116628.87733333332,1
2025-08-08 23:00:00,116888.91,116917.74,116632.12,116674.74,19.49803,116771.778,116632.48466666667,1
2025-08-09 00:00:00,116674.74,116750.0,116403.65,116585.99,21.30578,116793.92199999999,116625.87266666666,1
2025-08-09 01:00:00,116585.99,116797.71,116403.72,116563.25,93.06592,116728.86799999999,116627.12933333333,1
2025-08-09 02:00:00,116563.25,116563.25,116218.36,116404.0,67.42752,116623.38,116594.62866666666,1
2025-08-09 03:00:00,116404.01,116482.28,116357.48,116384.0,50.76738,116522.396,116586.86266666667,-1
2025-08-09 04:00:00,116384.01,117792.27,116181.92,116434.76,109.54836,116474.4,116554.64866666666,-1
2025-08-09 05:00:00,116434.76,125577.25,93268.05,116739.22,138.64254,116505.046,116571.93666666666,-1
2025-08-09 06:00:00,116739.22,116753.39,93268.05,116650.74,48.90021,116522.544,116599.85333333333,-1
2025-08-09 07:00:00,116650.74,117099.38,116633.88,116756.0,48.79228,116592.94399999999,116638.09133333334,-1
2025-08-09 08:00:00,116756.0,117191.13,116756.0,117098.58,11.61623,116735.86000000002,116664.57066666667,1
2025-08-09 09:00:00,117100.0,117510.88,117045.54,117510.87,22.76801,116951.08199999998,116732.42,1
2025-08-09 10:00:00,117510.88,117904.55,117386.01,117424.17,44.91643,117088.072,116795.68,1
2025-08-09 11:00:00,117424.17,117471.73,93268.05,117100.47,11.55005,117178.018,116809.81,1
2025-08-09 12:00:00,117109.99,117238.04,117010.0,117116.64,24.2952,117250.146,116822.15666666668,1
2025-08-09 13:00:00,117116.64,117154.15,116807.65,116968.32,17.63518,117224.094,116827.45,1
2025-08-09 14:00:00,116968.31,117149.6,116778.34,116979.05,20.26187,117117.73000000001,116847.73733333334,1
2025-08-09 15:00:00,116979.05,117132.74,116704.99,116879.16,17.03082,117008.728,116867.28200000002,1
2025-08-09 16:00:00,116883.87,116947.15,116642.67,116648.5,22.56311,116918.334,116872.96533333334,1
2025-08-09 17:00:00,116648.5,116782.46,116622.05,116670.22,21.76016,116829.05,116890.71333333335,-1
2025-08-09 18:00:00,116670.22,116720.96,116555.02,116634.91,19.08898,116762.36800000002,116907.44066666668,-1
2025-08-09 19:00:00,116634.92,116721.74,116524.74,116535.69,14.6406,116673.696,116914.16933333334,-1
2025-08-09 20:00:00,116535.68,117500.0,115279.84,116656.23,30.16587,116629.11000000002,116908.63666666666,-1
2025-08-09 21:00:00,116656.23,116794.4,116359.99,116524.1,27.57701,116604.23000000001,116900.19399999999,-1
2025-08-09 22:00:00,116524.1,116733.61,116500.0,116541.63,20.86906,116578.51200000002,116885.90266666668,-1
2025-08-09 23:00:00,116541.62,116590.0,116436.15,116462.25,9.63498,116543.98000000001,116843.48066666667,-1
2025-08-10 00:00:00,116462.24,116838.96,116461.33,116749.46,17.25134,116586.73400000001,116792.72,-1
2025-08-10 01:00:00,116749.47,116771.97,116539.99,116576.42,15.73491,116570.77200000003,116736.20333333334,-1
2025-08-10 02:00:00,116576.42,117318.0,116576.41,117317.99,9.00585,116729.55,116750.70466666667,-1
2025-08-10 03:00:00,117317.99,122360.26,117250.41,118500.0,57.1404,117121.224,116842.92866666666,1
2025-08-10 04:00:00,118500.0,118736.67,118394.81,118485.45,11.19298,117525.86400000002,116944.07066666667,1
2025-08-10 05:00:00,118485.44,118501.96,117908.84,118045.0,18.15321,117784.972,117015.134,1
2025-08-10 06:00:00,118045.0,118359.18,117743.44,118074.24,20.01759,118084.53600000001,117094.806,1
2025-08-10 07:00:00,118074.24,118238.87,117495.24,117781.51,21.12596,118177.23999999999,117170.34,1
2025-08-10 08:00:00,117781.52,200000.0,115721.11,118308.85,18.05148,118139.01000000001,117279.582,1
2025-08-10 09:00:00,118308.86,118441.47,118110.64,118293.09,18.33796,118100.53799999999,117390.12733333334,1
2025-08-10 10:00:00,118293.08,151091.99,117891.09,118020.0,28.76844,118095.53799999999,117489.08133333335,1
2025-08-10 11:00:00,118020.0,118499.99,117896.19,118330.58,17.79251,118146.80600000001,117600.70466666667,1
2025-08-10 12:00:00,118330.59,130302.94,111874.26,118523.95,25.82128,118295.294,117734.02799999999,1
2025-08-10 13:00:00,118523.95,151905.75,118383.99,118460.63,16.94859,118325.65,117861.96133333334,1
2025-08-10 14:00:00,118452.0,118810.0,93268.05,118779.0,33.88724,118422.83200000001,118016.41133333332,1
2025-08-10 15:00:00,118779.0,119110.99,118568.07,118815.18,11.3283,118581.86799999999,118154.12599999999,1
2025-08-10 16:00:00,118815.18,118944.24,118623.14,118675.31,9.44939,118650.81399999998,118294.052,1
2025-08-10 17:00:00,118675.3,118693.02,93268.05,118520.33,24.61839,118650.09000000001,118374.20800000001,1
2025-08-10 18:00:00,118520.32,118611.91,118433.8,118554.01,9.35706,118668.76600000002,118377.80866666666,1
2025-08-10 19:00:00,118554.01,118714.28,118359.17,118663.08,10.71512,118645.58200000001,118389.65066666667,1
2025-08-10 20:00:00,118663.08,118765.71,118100.0,118351.16,25.64467,118552.778,118410.06133333335,1
2025-08-10 21:00:00,118351.16,118689.89,118100.0,118689.88,14.31046,118555.69200000001,118451.104,1
2025-08-10 22:00:00,118689.88,118999.97,118642.98,118996.0,10.11818,118650.826,118532.07,1
2025-08-10 23:00:00,118995.99,130286.83,118861.16,119288.83,31.66818,118797.79,118597.402,1
2025-08-11 00:00:00,119291.74,119505.97,119136.08,119167.2,35.86011,118898.61399999999,118655.67599999999,1
2025-08-11 01:00:00,119167.19,122903.0,118932.07,119786.01,100.84251,119185.584,118773.41,1
2025-08-11 02:00:00,119800.0,121894.64,119478.94,121875.99,88.57733,119822.80600000001,119009.77066666666,1
2025-08-11 03:00:00,121875.99,122155.99,121572.29,121742.06,17.07126,120372.018,119224.31133333335,1
2025-08-11 04:00:00,121742.06,122159.0,121623.15,122100.0,27.64292,120934.25200000001,119466.936,1
2025-08-11 05:00:00,122099.99,122304.02,121830.01,122027.13,33.77922,121506.23799999998,119683.47799999999,1
2025-08-11 06:00:00,122043.0,122324.73,121954.79,122293.2,11.82538,122007.676,119915.34599999999,1
2025-08-11 07:00:00,122293.2,122344.19,121479.99,121537.14,49.31741,121939.906,120106.13466666666,1
2025-08-11 08:00:00,121537.15,121800.01,121217.51,121679.13,20.51696,121927.31999999999,120316.72133333332,1
2025-08-11 09:00:00,121679.13,121703.73,117861.82,121396.23,8.22882,121786.56599999999,120506.20266666666,1
2025-08-11 10:00:00,121396.23,121455.02,121018.37,121196.95,9.27766,121620.53,120675.12733333334,1
2025-08-11 11:00:00,121196.17,121270.01,120303.99,120561.54,22.59719,121274.198,120822.48599999999,1
2025-08-11 12:00:00,120561.54,120655.55,117388.48,119623.04,48.8653,120891.378,120884.69666666667,1
2025-08-11 13:00:00,119643.69,200000.0,116915.14,119980.58,102.07827,120551.66799999999,120950.33533333334,-1
2025-08-11 14:00:00,120026.4,120634.65,119825.19,120246.52,31.14388,120321.726,121014.18133333333,-1
2025-08-11 15:00:00,120243.6,120408.0,119843.19,120321.99,29.23689,120146.73400000001,121091.16733333333,-1
2025-08-11 16:00:00,120321.99,120794.03,119942.75,119959.11,77.53715,120026.24799999999,121102.70733333332,-1
2025-08-11 17:00:00,119959.1,120150.0,119466.74,119500.01,11.6009,120001.64199999999,120944.30866666666,-1
2025-08-11 18:00:00,119500.0,119931.57,119261.57,119773.92,102.43488,119960.31000000001,120813.09933333333,-1
2025-08-11 19:00:00,119773.93,119773.93,118674.0,119089.3,67.16022,119728.86600000001,120612.386,-1
2025-08-11 20:00:00,119089.31,119089.31,118586.6,118872.0,16.72388,119438.86800000002,120402.04400000001,-1
2025-08-11 21:00:00,118828.83,119172.63,118212.5,118712.61,29.85481,119189.568,120163.338,-1
2025-08-11 22:00:00,118712.61,118906.32,118280.71,118886.96,24.76621,119066.95800000001,119986.65933333333,-1
2025-08-11 23:00:00,118886.96,118889.0,118601.56,118686.01,59.69067,118849.376,119787.118,-1
2025-08-12 00:00:00,118686.0,254615.31,116441.8,118949.3,72.19783,118821.376,119623.98933333335,-1
2025-08-12 01:00:00,118949.31,218908.25,118778.64,118977.09,35.95113,118842.394,119475.99866666667,-1
2025-08-12 02:00:00,118977.1,119274.58,118834.51,119054.13,11.02398,118910.698,119375.50466666667,-1
2025-08-12 03:00:00,119054.13,119120.0,118762.3,118863.15,12.22027,118905.93599999999,119324.84533333335,-1
2025-08-12 04:00:00,118857.7,119158.06,118804.75,119070.69,15.53384,118982.872,119264.186,-1
2025-08-12 05:00:00,119070.69,119070.69,118424.86,118819.99,19.79176,118957.01000000001,119169.084,-1
2025-08-12 06:00:00,118819.99,119032.0,118604.96,118839.97,17.41733,118929.58600000001,119070.28266666667,-1
2025-08-12 07:00:00,118839.96,119150.0,118839.96,118986.73,13.62747,118916.106,119005.45733333334,-1
2025-08-12 08:00:00,118986.73,119058.43,115968.46,118814.7,70.89246,118906.416,118959.77,-1
2025-08-12 09:00:00,118814.7,121347.33,118408.39,118408.39,41.70784,118773.956,118868.73466666667,-1
2025-08-12 10:00:00,118408.39,118680.81,118207.47,118450.0,19.14995,118699.95800000001,118826.11466666668,-1
2025-08-12 11:00:00,118450.37,118662.9,118235.08,118522.23,14.68066,118636.40999999999,118802.79666666668,-1
2025-08-12 12:00:00,118522.22,121942.17,118074.89,119264.66,117.15935,118691.996,118839.6,-1
2025-08-12 13:00:00,119264.66,203006.98,93268.05,118819.27,94.22067,118692.91,118835.08733333334,-1
2025-08-12 14:00:00,118819.27,119443.35,118670.53,119437.11,114.78124,118898.65400000001,118885.16066666668,1
2025-08-12 15:00:00,119437.11,139860.95,119199.07,119933.97,145.92897,119195.448,118950.80533333334,1
2025-08-12 16:00:00,119933.0,151672.28,119449.35,119655.13,37.19883,119422.028,118996.00799999999,1
2025-08-12 17:00:00,119647.69,164697.96,110000.0,119270.0,110.51693,119423.09599999999,119010.39933333333,1
2025-08-12 18:00:00,119269.99,395005.46,110000.0,119344.88,1363.65809,119528.218,119042.51466666667,1
2025-08-12 19:00:00,119344.88,415886.54,119309.08,119665.28,108.34476,119573.852,119082.15400000001,1
2025-08-12 20:00:00,119665.28,120332.85,119485.84,120192.1,56.32034,119625.478,119173.628,1
2025-08-12 21:00:00,120183.95,120192.09,119800.0,119903.36,15.59302,119675.124,119244.52066666666,1
2025-08-12 22:00:00,119903.37,120100.0,119650.0,120090.14,41.01191,119839.152,119318.08133333334,1
2025-08-12 23:00:00,120099.99,439176.19,119925.47,120147.64,390.41128,119999.704,119406.944,1
2025-08-13 00:00:00,120134.09,120192.1,119682.05,119725.61,18.09378,120011.76999999999,119494.75866666666,1
2025-08-13 01:00:00,119713.19,119713.19,119355.99,119478.46,14.64967,119869.04199999999,119563.32266666666,1
2025-08-13 02:00:00,119476.48,120005.14,119103.46,119549.37,26.35831,119798.24399999999,119631.79866666667,1
2025-08-13 03:00:00,119549.36,119630.57,119306.89,119482.74,36.27911,119676.764,119646.33733333334,1
2025-08-13 04:00:00,119482.01,120035.99,119328.13,119347.17,93.46702,119516.67,119681.53066666666,-1
2025-08-13 05:00:00,119335.01,119667.66,118946.2,119070.68,31.43167,119385.68399999998,119657.10199999998,-1
2025-08-13 06:00:00,119070.68,119416.21,118955.99,119411.8,14.25746,119372.352,119622.29066666665,-1
2025-08-13 07:00:00,119410.0,119634.99,119290.02,119594.27,4.03188,119381.33200000001,119618.23333333334,-1
2025-08-13 08:00:00,119592.39,120044.49,119446.22,120044.48,16.15315,119493.68000000001,119669.86533333334,-1
2025-08-13 09:00:00,120044.49,120172.11,119788.03,120116.01,9.77761,119647.448,119721.27399999999,-1
2025-08-13 10:00:00,120116.01,120496.0,120062.74,120495.99,13.29309,119932.51000000001,119776.65466666665,1
2025-08-13 11:00:00,120495.99,120923.61,120459.99,120580.01,55.01314,120166.152,119802.51533333333,1
2025-08-13 12:00:00,120580.01,120686.0,120209.51,120273.73,41.87082,120302.044,119827.20666666665,1
2025-08-13 13:00:00,120273.73,463770.06,120128.19,121772.18,22.65309,120647.584,119939.34266666668,1
2025-08-13 14:00:00,121772.17,494665.89,120816.01,120877.36,31.83417,120799.854,119987.99066666666,1
2025-08-13 15:00:00,120880.0,121329.3,119852.77,120928.76,21.14883,120886.40800000001,120068.20066666667,1
2025-08-13 16:00:00,120920.62,121718.47,120920.62,121421.76,70.68501,121054.758,120197.754,1
2025-08-13 17:00:00,121421.76,121879.97,121421.76,121826.1,33.03165,121365.232,120349.53600000001,1
2025-08-13 18:00:00,121823.25,517166.69,100000.0,121639.2,72.36571,121338.63600000001,120493.3,1
2025-08-13 19:00:00,121639.2,546128.02,121552.65,122754.01,21.17638,121713.96600000001,120720.42266666667,1
2025-08-13 20:00:00,122744.21,122972.59,122507.87,122904.0,80.47125,122109.01400000001,120975.97733333334,1
2025-08-13 21:00:00,122904.01,122964.17,122298.21,122528.32,35.84616,122330.326,121183.74533333334,1
2025-08-13 22:00:00,122527.8,123596.5,122527.79,122944.66,56.66845,122554.03800000002,121407.10466666667,1
2025-08-13 23:00:00,122944.66,123706.33,122939.99,123306.44,32.08553,122887.486,121624.56866666667,1
2025-08-14 00:00:00,123306.44,576711.19,123255.91,123837.78,44.03259,123104.23999999999,121872.68666666668,1
2025-08-14 01:00:00,123847.82,125162.49,123337.66,123341.6,28.95746,123191.76000000001,122062.39400000001,1
2025-08-14 02:00:00,123362.28,123689.98,123270.2,123662.52,18.63942,123418.6,122267.89466666667,1
2025-08-14 03:00:00,123598.49,123849.98,123295.21,123349.09,29.13654,123499.48599999999,122472.91866666666,1
2025-08-14 04:00:00,123337.14,123421.41,122998.38,123018.81,48.55834,123441.96,122556.02733333333,1
2025-08-14 05:00:00,123018.81,123120.37,100000.0,122134.76,42.54546,123101.356,122639.854,1
2025-08-14 06:00:00,122134.76,122200.0,93268.05,121771.27,64.71908,122787.29000000001,122696.02133333334,1
2025-08-14 07:00:00,121771.28,122337.84,121538.28,121724.78,29.96629,122399.742,122716.22266666667,-1
2025-08-14 08:00:00,121724.78,122656.81,121587.09,121632.1,98.47984,122056.344,122703.28933333332,-1
2025-08-14 09:00:00,121632.1,121918.8,121425.1,121660.81,19.04261,121784.74399999999,122704.73,-1
2025-08-14 10:00:00,121660.8,123523.96,120379.47,120945.05,137.77067,121546.802,122584.13266666667,-1
2025-08-14 11:00:00,120945.05,122905.48,120637.97,120949.67,92.30848,121382.482,122453.844,-1
2025-08-14 12:00:00,120949.67,122657.57,57222.22,118872.27,35.77542,120811.98000000001,122210.10733333332,-1
2025-08-14 13:00:00,118866.38,122657.57,57222.22,118449.57,25.5223,120175.474,121910.43466666667,-1
2025-08-14 14:00:00,118449.57,122657.57,118009.99,118836.28,21.1856,119610.56800000001,121612.42400000001,-1
2025-08-14 15:00:00,118772.89,118885.83,117906.0,118255.0,26.89456,119072.558,121240.23866666667,-1
2025-08-14 16:00:00,118255.0,118255.0,117423.99,117838.11,7.59636,118450.246,120873.33933333332,-1
2025-08-14 17:00:00,117838.1,122657.57,117336.67,117911.77,209.85912,118258.146,120489.95599999999,-1
2025-08-14 18:00:00,117935.43,122657.57,96947.78,118056.01,106.79473,118179.43400000001,120137.084,-1
2025-08-14 19:00:00,118056.01,118511.01,117929.29,117929.29,9.64192,117998.036,119797.78266666667,-1
2025-08-14 20:00:00,117929.3,117999.05,117759.99,117795.0,0.84875,117906.036,119508.46533333333,-1
